"V1","V2","V3","V4","V5","V6","V7","V8","V9","V10","V11","V12","V13","V14","V15","V16","V17","V18","V19","V20","V21","V22","V23","V24","V25","V26","V27","V28","V29","V30","V31","V32","V33","V34","V35","V36","V37","V38","V39","V40","V41","V42","V43","V44","V45","V46","V47","V48","V49","V50","V51","V52","V53","V54","V55","V56","V57","V58","V59","V60","V61","V62","V63","V64","V65","V66","V67","V68","V69","V70","V71","V72","V73","V74","V75","V76","V77","V78","V79","V80","V81","V82","V83","V84","V85","V86","V87","V88","V89","V90","V91","V92","V93","V94","V95","V96","V97","V98","V99","V100"
-0.437784341995545,-1.87825855215683,0.241630795339956,-1.95056180877459,-1.14501247678577,-0.619967032049042,1.79000169470843,1.08597084966022,1.72762205874477,-1.09194544708815,0.279496136445792,-0.56513113368124,-0.475001190746934,0.574944905853192,0.576977242140581,0.614298971173191,0.509044339859244,-0.379292457696888,-0.830903830981345,-1.26559940170958,0.67950129136338,-0.334230751451995,0.16978551610148,1.07364407868944,-0.114629142270877,-0.893665892287169,0.716186139950108,0.819477463261344,0.0631249019110363,1.60436511554132,-0.896332998866094,-0.786079159814402,-0.387590422867386,1.80622524919843,-1.41966529532038,-0.932226210750955,-0.855575573372143,0.0231126111645546,1.39797308435679,-0.264827157284155,-1.51250545553079,-0.264256271747074,-0.93714464837123,0.232553710855625,-1.10491556670502,1.84400054878643,1.99796714365355,-0.407278606908505,-0.51440621289479,0.429084764397342,-0.753508759752522,-0.625879908463681,0.648181716739564,0.149385710771502,0.480556571385939,-1.70830606846653,-0.0556623464115062,0.311507425462013,0.398443973542414,0.81231291161425,-0.0785374006045225,0.841712356348855,0.751731805001314,-0.509045127663228,0.921207732245347,-0.201425149218232,1.61557876842792,1.07825350024094,-0.21773603940652,0.542049850330073,-1.72352336654705,0.032124507676497,-0.767040829299857,-1.34299835049566,0.636885215117754,0.0480451969326774,0.285101516220259,-0.373474159328772,2.14898968377638,-0.0992018946455418,1.47521127460008,1.45372291426924,0.141377179309513,-0.566306756576701,-0.752635953722786,0.630564557244152,-0.179111646345953,-0.265830996317268,1.36886866172002,0.54811125917444,-0.87650502297007,-0.785855748879408,1.28396197991885,-0.385346115589237,1.09228867633103,-0.19977414683215,-0.114898454436019,-0.209586532294302,0.0638325671443728,-0.324438494136943
-0.401494562960728,0.626199205613685,-0.153916922891942,-0.04690202556541,-0.0600733196330187,1.00603216484017,0.938143385526889,-0.0188598863042019,1.87784311920277,-1.23111783418618,1.41032071861049,-0.0217366390089031,0.337832421900001,0.676643701770559,-0.979788639117403,0.298259672541952,0.184872090439194,0.698431239791967,0.30964990979411,-1.02593266472212,0.188629277020538,-2.07127887118717,-0.115854465041846,-1.21787640587695,-0.775955873965954,1.35869931434174,0.665355402880953,-0.0616828240009643,0.515962653853056,-1.11346152777453,0.525626775869742,-1.25664946035125,-0.388294450915937,0.36546492738274,-1.3449655434626,-0.0792668901829663,0.299343567112,-1.48356131475947,-0.0626838008299455,-0.255741920687013,-0.438471405096805,1.9660515783314,1.21715333209173,-0.877863417051282,0.244741398209976,-0.268724484763951,-2.27335200625772,1.75895192218367,-0.222329461350629,-0.362804535263316,0.0910837321112664,-0.0452848099482207,2.24726785888885,0.366877829738843,1.84827991088901,-0.603360054649873,0.813039540621579,-0.831735594397717,-0.377219347834792,0.559551625694124,-0.56057871945449,0.545166654846022,-0.0928480947647211,-0.206622095511934,2.12532367105607,0.254021575173827,0.419782499909085,-0.234998494923258,-0.800713752004527,0.738599646438015,-0.263413303253308,-1.31896089631244,-0.483497995454034,-0.0122134873377107,1.40881559883559,-0.0582518961523264,1.242506056882,0.477985170983327,0.205640863090991,-0.283755140590602,-0.625372896809494,0.851523116605373,-0.264053922661083,-0.313785626996874,0.192100795712467,1.59955351485566,1.91256417895136,-0.725254622277884,-0.00865858422742808,-0.485762786247013,0.021155189174115,0.591747386324911,0.949590138658034,0.339089428401477,-0.848544256972738,-2.15906233433626,0.317904954448718,-2.93959903969194,1.26739716355171,0.535511210043568
-1.17572634081304,-0.381137116917797,0.677628654170118,-1.30984800618213,2.21084752258218,-0.799790062305072,-1.18727248174953,1.10139741789355,-1.21866191737528,-1.25129175069114,0.334048389506886,-1.39100323163773,1.07351805926741,-1.07094682093023,0.285650183805481,-0.67791569056568,-1.06710815649572,0.0412962739840335,0.886578292327266,-0.810522149320569,-0.326238421411192,0.237935686757963,-0.0848029501007295,0.913701376018798,0.0848961500800163,0.817084490616521,0.48827821590224,1.2758006320837,-0.280013052206604,-0.646121989085149,0.376250815295762,-0.984692743616814,0.857980118110706,-0.773367894292729,0.637577824260788,0.843825847894971,0.413641157248685,1.58404912982106,-0.368369067445462,-1.41203173187659,0.585724212615704,-0.438663366250961,-0.325082388155554,0.238036157475569,0.631478015633726,0.5686248595067,-0.409297321675969,1.90919956868625,0.322955676221939,-0.440223006417845,-1.32285608141442,-0.292482510715123,-0.390445242967653,2.01095389294227,0.312093075482155,-0.952574352460746,0.549311377836739,-1.80338370407312,1.1308486376043,0.0384794204851448,0.609684770198302,-0.422184925753316,-0.178953976921261,-0.687645043669743,-1.23465928390826,0.0680512141263702,-0.353874671934343,0.568763040011264,1.28114606840653,-1.37314234707546,-0.51974720127234,-2.07247163658699,-0.173126326463657,-0.438224043953657,-0.0760564930229347,-0.701090691408753,0.363545898675835,-1.30500126135919,1.58193433148246,-0.706527561149243,0.341368795358161,-0.531728165165201,-0.552318173190064,-0.387108926629508,-1.24227696193046,-0.226100821640663,-0.706085264816729,0.634939531431687,-1.02565183501338,-1.04830859682476,0.68308994936086,-0.378634079424948,1.38390782714048,0.34246004004962,-1.36482407041893,1.27655882174589,0.218063173340701,0.0289384084968026,0.205884965384134,-0.114472620654855
0.596876658822189,1.58932811294407,0.341637711842879,0.877560546257106,0.419748342416239,-0.667832633159308,-1.45965598262508,-0.135076642032525,-0.762593118113367,-0.109206635086956,0.287609102796935,0.300355765164153,-0.382052618763609,0.667057794066988,-2.35638866078417,0.00435075192548461,-0.354136117407136,0.109700363921273,1.95624813007409,-0.425512714778809,0.673054586073837,-1.42569136359576,1.28011110598009,-0.785366251003809,0.621952001314785,2.63061194016541,-1.71297872203974,-0.0334990592595774,1.90634139967765,-0.296560082134116,0.603600440244062,0.893138116572314,-1.0919595923113,0.43599494750555,-1.59064139390941,0.0340074758056337,-0.976720948184973,0.383084745324337,-0.135762378143539,-0.0542914336459984,-0.0550264336427661,1.52807862243588,-0.579172368041516,-0.565004625851279,-0.82841741543815,0.553837982515285,0.537648816337854,-0.212566941176773,-1.07115996949875,0.677616299522014,0.587597154525737,-2.12516527984368,-1.03120148479856,0.688241012854574,0.300042730013656,0.698375646923221,0.59974388911515,-0.457441258727583,0.542275092855135,0.499771955788934,0.275381556965773,-0.510213801948815,0.400290551020183,0.752564570467032,0.0132229749946679,0.574167177793668,-0.530817490512815,-0.0544971052010188,-0.221904651226047,-0.629569820201065,1.29641060672287,0.796134242217428,2.07253549180427,-0.920471127737561,0.666938659065589,-1.29392927367614,0.33602943133494,-0.0773155320249155,-1.02034925289066,0.765214875726322,-0.788915572529228,-0.608678510708198,-0.61474918289423,-0.130336567445378,0.670268145042081,-0.00490525134643128,-0.393201666499164,0.5091109084353,1.1674063335737,-2.1720235892785,-0.721899415338375,-0.0335023163306902,0.11324463843995,-0.170104013431336,0.406752222333116,0.641268150118972,0.0676976783247348,0.406724231065782,0.514263021163978,0.870008704515972
-1.46609028802238,0.974744059966648,1.17172720538835,1.86668691256785,2.09989808200015,-1.04729580681452,0.314769038788818,-0.968471337182992,1.02502811770985,-1.62355801322806,-1.34747628928257,0.785589807602796,0.106989231043922,-0.630709293709942,0.520740140587667,0.0538573211205123,-0.915313543529536,-0.776486225910649,-0.539780341228538,-0.332680224434088,0.0310486381989328,0.72990091584884,-1.09791468124931,-0.325061302011258,-1.92924823501209,1.05968126991351,-1.48320023574151,0.0851991657297963,2.42601155099095,1.34377191581952,-0.377029400453922,-0.82155484965078,1.66798808427987,-0.456423901669232,0.323824038329152,0.127830995387856,0.546312437262984,1.55314363670676,0.334296173085195,1.06488716323136,0.802214649734668,-0.448242534457247,2.55321091204557,0.544343116826294,-0.17943144807148,1.64368194800019,-2.13375142499301,0.279020476921513,-1.53301259422593,-1.0411176990085,-0.557918155973813,0.28507303443543,0.851261076108432,-0.27087889885941,0.139053392737819,-1.42968931232643,0.246243905171567,1.57230481383206,0.402762092147478,-0.136000540942458,-0.372745765517366,1.98695584564104,0.684937902679829,0.2320859165302,-0.379689257412545,0.555157685640876,-0.637667766686402,-0.44353222299264,-0.801801815590678,1.52589478188432,1.94202340410555,-0.74273028360264,0.0960012166009529,-1.95833497593865,0.048173503067726,-1.53882232859928,-0.359163979853539,0.139867552167141,-1.927154672975,0.688143010159113,0.59661327158694,1.25954419854003,1.49914846929529,-1.85970536469279,-1.1218799815814,0.299041558001652,0.466391650294131,-1.59840450844354,0.573529254959612,-1.37990577037109,-0.00570356281265566,-1.35328494251154,0.913953322577236,-1.33254347886392,0.811474126606361,0.456139578666555,-1.9154822961332,-0.437467119151261,-0.49758276689697,-0.971574669458262
0.953863662248509,-0.164557983529858,-0.131647073715903,0.725121814300278,0.850697152002672,0.973686400895096,0.173140586073838,0.121235347742385,0.635247483667697,-0.238513345461144,1.94267987386628,-0.959257919094048,-2.05966585393964,0.221978925685813,0.147865920139207,0.246602452712914,-0.478458317441565,-1.29847467950279,-0.178000191239715,0.751145511035238,-1.72854379162036,-1.17014038942972,0.0572830063542404,-1.97801510678261,0.0924794119445899,1.01148715357804,-1.04194908068882,-0.873323801663406,1.12216378434083,0.339081655779525,-2.93805007238181,0.0197678355155042,1.2464996226345,0.0182525257793508,-0.324336252936121,-0.137115470891318,1.28500600195356,0.0386218986240671,1.71582751446735,-1.54949117719236,-0.615784198121766,-0.554174096295846,-0.580527693345964,-0.667478941879492,-1.36793043510553,-0.282328903054271,-1.15183334564212,-1.202851980522,-0.0404838438627471,-0.664315853893505,-0.467270571488706,-0.0974222478195466,0.828277551579684,2.75658831238642,0.219916411820756,0.711581619920132,-0.105633434570932,-0.00869098153147853,0.507926129885018,-0.0691887804075903,-1.27216647644712,-0.986347249136384,-0.561903113189137,-2.07067801508437,0.286151144807313,-0.149255294211192,-0.424215136831828,-0.322465990097413,0.0129626930855573,0.0575213591819462,0.0967562437410839,0.721777753607959,0.653521708165667,0.154977647102806,-0.366619313139996,0.341092446939223,0.912277154489362,0.727525027793428,1.27535287734129,-1.21680320600321,-0.254532317836164,-0.879599768035552,-0.603451367240918,0.177320682518461,0.879473751288376,0.519612343734837,0.483260233754354,0.482226417528938,1.06550756671541,-1.55909276830056,-0.494031230411697,-2.50215663992457,0.325921529346,0.277965156813582,-0.222395726150704,0.380299902155956,-0.923240615091853,0.933952775311586,0.390492380470538,-0.00629796772033243
-1.98355442643361,0.844456456129106,1.95398966839005,-1.19827974532198,-0.862815152561185,-1.27270593267412,1.26734393813481,1.29245577185164,1.74343709836619,-0.830004114428725,-1.02270874153351,1.23624225810781,-1.87076962515273,-0.902553844382985,-0.870310866323883,0.412854927597327,0.721663831870625,1.43941307458165,-0.924830716491115,0.249267573423761,-1.09026412269942,-0.668041700214925,-1.20055391113944,-0.496379881215698,-0.781350698680914,-1.06231773478195,-1.19773085218107,1.13137592161123,0.698453904385762,-1.65484208644186,0.208135496117831,-0.35580834711788,-0.717231289366856,-0.987203216471821,1.46791216948538,1.17751040573937,-0.393825575890784,-0.623549641261524,-0.721641111963048,1.37238564323452,-1.02986583069656,-0.275164803493369,0.497335161033042,0.171000426474294,-0.0281080378769973,-0.247527919315918,-1.57288857771879,-0.0164021853421893,-0.989192133791213,-0.613008558570014,0.610423336539039,-0.103977878768126,-0.753817203011531,-0.149658773860845,2.29123244505721,1.71673738546152,1.94548632209536,0.933868205469784,-0.129360339903689,-0.435724842719109,0.521618897049957,0.67715948711863,-0.0931328197628247,-1.4373643715053,0.0128690231704958,-0.142630730623439,-0.871310418639188,-0.487738767371452,1.10611101086123,-0.546884810343811,-0.986706835355534,-0.382772899520998,1.05997581941208,0.33959319176708,0.130315262858094,-0.420722770865162,0.628087115266831,0.147470015302141,0.452233177394431,-0.968701041183292,1.81364590124966,0.802669948961055,-0.571825212820317,-1.20050821373589,-0.0231248819824687,0.548498542998414,0.172077219011524,-1.90065576989473,0.383871126310915,1.21934510185026,0.722203443234024,-0.486635895257401,0.684938331339844,1.07279296103281,0.46920070309266,0.117374374688297,1.21115466305565,-0.266499644154163,-0.376089894442998,-0.307020298560777
-0.602825252121448,-0.580168319221964,0.304478049816786,1.28160598629245,0.693700202454647,0.538862490673941,0.752141247116784,-0.947191950322019,0.956273831777723,0.823110488005257,1.2305290552702,2.3252702155038,-0.024880703788674,-0.218356608353257,-0.0932474244236882,-0.233386999263906,1.51634913573574,1.80800903694334,0.966550398031638,-2.37524733312435,1.99145442560283,-0.628586052849236,0.160642537434703,1.61326457770624,0.302815201097198,-0.0607212952832608,-0.920628592226434,0.350172454707919,0.754165542428397,-0.933717338703815,1.79562618528722,-0.0539606792476745,-0.488935531614407,-0.0536598006596829,0.895879558006569,0.604374305145176,0.945482316218303,1.05221053727914,1.23973872907031,0.327056810524086,0.770333502365179,0.578132379262176,-0.0533060073703749,-0.001789999068888,1.02158449802454,-0.0289301317545237,-0.16230356595395,-2.43219345587556,-0.0454348553732896,-0.733845243425755,1.3900048839196,2.31907050744567,0.375784703205814,0.960097808461263,0.701581752590487,0.108326436472872,-0.386089925707567,-0.769966197072062,-0.334455827475096,-0.54565072322209,-0.263828081454636,-0.120844761189628,0.607579037803246,-1.30921012415597,-0.433705059527717,1.03808027427504,-0.150253780578064,-0.367591451316774,0.383004312364558,0.195515759076759,0.0390361421217372,0.866275636093416,-0.688227890074042,1.16806834633804,-0.600598496990418,-0.480405738761631,-0.67246084554915,0.0337841516959953,-0.211238805255559,-0.0503225405553104,-0.529192611491657,-0.361542708492216,-0.00117447199083881,1.08356405258155,-0.298076993265908,-0.619562855382432,-0.541581295697574,0.630851504327909,1.47765412874492,1.35268682180019,-0.357728769796307,-0.0677990366667875,0.484154967222237,1.84937338370464,-0.441917065997208,1.32589290143576,-2.33274033079949,0.685086103257493,1.31729634290464,0.319991209447671
2.77714712990027,-2.02158069394207,1.2928157480214,-0.420236206883364,-0.401023044547404,-1.05359016877784,0.448328913337456,-0.588822063186567,0.0601228310859616,-0.248564553704098,0.348599969153857,0.46973909069976,-0.666264107110784,-0.133146014074049,-0.657667935554211,0.543375216427822,-0.458695286881155,-1.25537605177999,-0.12854182936802,-0.244640202094066,0.108429591785169,0.534384048401932,0.413656305880997,1.02986914808355,0.62086886617996,0.402218429952019,0.394630864274546,0.253229424372196,0.99983725842129,-1.15042462788405,0.947863822556351,-0.522720745196974,-0.163198901769786,1.71301704609625,-1.83624527252938,-0.0883959957744833,-0.949952824955581,0.728768819459019,0.954679704674254,-0.413817010568293,1.67856619436345,-0.864447698845899,-0.516842045812034,-0.388475064142966,-0.0862606818870013,-1.17332790235392,-0.354193034746235,0.570749626808117,-0.290666485845075,0.681135819445329,-0.413379135915705,-2.26790191633542,-0.757220675519208,-0.981861856910257,1.55828711316047,-1.34859478261005,0.816823359424218,1.01298690739277,-1.11087172775402,2.57971907153298,-0.278206735235605,1.00836017638755,-0.735519698464919,0.410292844835997,-0.724009488665438,-0.218781846593792,-1.4400018311626,0.0383636495015816,-2.79088965633938,0.192403942894458,0.554461041187466,-0.564177151452158,0.717415065124685,-0.0438908819616312,-0.992412658720078,-0.742927281406037,0.364820404897528,-1.96060134587599,2.09874682539949,-0.832810773498479,-0.0833053495612199,0.50913624227233,-0.985001582959234,0.985533752118571,-0.427207102135828,0.686677049701494,2.20781515852942,-0.686366807059698,-0.356795687242834,0.27011435002524,1.39730808776773,-0.289465999980171,-0.154105361313595,0.834324351087881,-1.48641485139835,1.21816216218658,-0.112775862934567,0.977706340082637,1.78527824265008,0.854679137315761
-2.81867090593114,-0.987228869888421,-0.0316788643211115,0.984730318094876,0.54239213284767,0.0913602481837429,-0.234824834890594,1.38413959278307,1.15352140035786,-1.5340702475655,-1.67948137120861,1.04395939901299,-0.474689323973263,-1.51208933174466,0.448900287083283,-0.0672538622766714,-2.0934734279945,0.891651968801794,0.587861674480716,2.61860041120807,-0.896288784693026,-0.682779562226688,1.81154550640153,-1.31011814605312,0.578063813172929,-0.078583794298756,1.86749324429617,0.00705801620724395,-1.96474055416,-0.538464910076415,-0.429767483508312,0.65044592393666,0.823237808402357,-0.21291528716104,1.87453250157653,-0.295636116527733,-1.5503950095112,-1.68053584404413,0.799630006225924,0.801213667416258,0.717715657924987,-0.32220228399787,0.236786767087408,0.718128536235805,-0.811322508742051,1.43736230331072,-0.17664669251845,-0.369490390263661,0.074034942222672,-0.537431494756941,0.702580982158451,-0.660032985235651,0.105595458120899,0.325706079827356,-0.632098065958367,0.170879784119766,1.3349901380514,2.2427983344686,0.0281939680086595,-0.400490931317397,0.157146935514289,0.426609035137777,-0.341564671309243,-2.90730131798618,-2.03976316981603,-1.66771709177335,-1.05054046357593,-1.21634703764936,1.76663948130559,-0.612002513538299,0.263207652227809,0.635987567496641,-0.351938009994761,-1.18229298559868,-0.554022229873479,0.819779458278557,-0.948951615734946,0.306570456202618,1.14269282032208,-0.255151196119976,-1.88588449040704,-1.00238397173587,-1.41067554136428,-2.58561857887017,-0.133896529291955,0.26080565953042,-0.159765564840043,-0.359657176537299,-0.76012735176849,0.0465246404205117,0.00265375426031862,0.435730713849202,-0.804414724796077,0.545697436828792,-0.116745553196779,-0.506538859157135,0.581089661083999,-1.15701279614484,0.761760891037599,1.39439407919351
-0.694276268200611,2.4114037472938,-1.24033778497051,0.436702102047363,-0.556622075315771,1.25070802468071,1.66502831805659,-0.19521358420736,-0.882908286412492,0.0641630607839602,-0.452333239860854,0.224363617758314,0.283759498380156,-0.942593970606765,0.811732261914442,-0.442449868824419,0.316073386944746,-0.156970116587913,-0.473408574297646,-0.465646908316895,1.84359140955049,-0.792989471345042,1.04244436683488,-0.141383785864151,-0.502920545378061,0.0723687297333696,-0.291684847877102,-0.657374194760297,0.961002580695757,-0.251919741809126,0.190514465230794,-0.0216629032297195,1.89771665836029,-0.576060436147875,0.13512039791127,-2.65520784673542,-1.15096871546407,0.981159011379236,-0.275192348183634,1.38497350022787,0.282312137248192,0.0317101280976013,1.35782299233252,0.447238966186204,0.992774605820584,-1.02349200820424,-1.02912134283725,0.923174931507221,1.28130902763127,-0.110943670016101,-0.127388089016344,-0.128492213366573,-1.13116109553767,-0.272810585834576,0.305504523963987,0.527984229634965,-0.194780840028387,-2.02457734603277,1.46542810482397,-0.284295029657804,-0.166649179967554,-0.669027533330942,0.120012119801629,0.227421251493276,-0.379317111423762,1.06338230595023,-1.34689680027229,-0.943861653510316,0.270315581053451,-0.149317042126202,1.22824778869183,1.52975938506307,-0.934258391423986,0.318595715463277,0.625942813858414,0.033245454085716,0.513096356981242,0.715435812917688,0.73132977424193,-0.450054074590707,-0.0316751234666112,1.1357512829112,0.971279242020029,-1.30685085881733,-1.42228149559363,-0.170870393028483,0.754294402219815,-1.28954229445752,0.278998140864288,1.58862716588254,-0.814052429698109,0.777933839114166,0.261720760268356,0.644844219390226,-1.06060270669191,0.655182630304628,-2.0457821965606,1.19245996602239,-0.378393987755379,-0.111746707271509
1.25936382717462,-1.51241582023277,-1.2886567265567,0.112289340839966,0.323982002412985,2.0400242302034,-1.14981217952897,-0.326186670762955,-0.253947814537853,-0.246101345872868,-0.421142433439579,-0.872241503340193,1.60328333614848,-0.0977909861104401,1.47348177808803,0.764239422696569,-0.221234111709592,-0.770065828267054,1.84368111556914,0.579351779367171,0.672598675705853,0.384762542606502,0.854574151882,1.84023537753476,-0.582064198597773,0.109550067217919,0.626138492808479,-0.6824463228717,-0.68322794647728,-0.0475849485110019,0.65711641348321,-0.389136495597874,1.11449367887592,-1.38969878423536,0.801257936577937,-0.527453561422676,0.211065342098067,0.390825128857295,0.801805177950631,-1.09625366144338,-0.944971427230379,-0.840211798885646,-0.213882335367012,0.473466772614355,0.791764093617817,-0.22378778656505,-1.43385015902168,0.555788352520908,-2.25908708475293,0.502397088944476,-1.68092949554251,-0.161209787141183,0.234174889292895,-0.113559223213269,-2.58623871874985,-1.18941074578364,-0.672124274112023,-1.13268841752968,1.18216374337212,0.20740567772748,0.13518591101251,1.60359630388378,-0.907060692536567,0.992360538051814,-0.404858073914137,-0.315792514022943,-0.437564312061209,-2.10462853408981,-0.515934012205874,0.250370629321457,0.31344709796681,-0.702637371864576,-1.16988330640923,-0.0765841433650148,-1.59827946547655,0.193700370108645,0.366217572120833,-0.71315761120391,-0.203482791664335,1.13304145373775,-0.478926749429824,-0.751622433777879,-0.500454874213235,-0.265387260804659,1.300639051026,0.146242769919742,1.39689110015411,-0.090256426824311,-1.09723809849595,1.48735450865712,-1.6537312016806,-0.335700667691413,-0.0479486639369007,-0.068578367725589,-0.327160165155637,0.0937626762542725,-0.264893348733912,-0.635051699896838,-0.889292835611732,0.0919765323985548
-2.47960410080166,-1.32172328872859,0.682209108804147,0.216426966124785,-0.534593774263631,-0.279488968265723,1.85924073682272,-0.901240492940606,-1.02700078019379,-0.0754676537313193,0.156443312339881,2.38697582173572,2.27226520845832,-0.904458809899285,-0.110853380553072,-1.9882253223142,0.281647560879326,1.30783641251641,-0.258585028492604,-0.253820292041278,-0.707968482728436,-0.366902174321211,-0.775064414313292,-0.387513828391066,0.530445157597018,0.457928518903995,1.24608988199531,-0.208566555320946,-1.28261465392966,-0.790847933709297,-0.0539452702863197,1.19525878818888,-0.384291800273088,-0.355979662056905,-0.175066137334351,-0.131600724747524,0.0639844679610473,0.81104312149361,-0.053353817841654,0.381313994788048,-1.3071565116039,0.173003955825142,0.0552906682420461,0.332933191083202,0.963833976417047,-1.38079883273244,-0.350609408643483,-0.508220914333349,-0.702204502181787,0.705641682897093,-0.269947030960916,-1.6925307290527,-0.475895361733896,1.63131036714463,-0.292818232335425,-0.69328291974132,0.699589229183221,-0.347932232293656,-0.68235740005542,-0.889466792354123,-0.36938374991558,-0.753789995934735,0.452113052266839,-1.049351626896,0.74694270843948,0.483514007606754,-1.82749397504849,-0.0111428030056479,-0.238929975019711,0.442927654560393,0.00716063433187291,-0.304734198387731,-1.55579954504908,-1.51153831966546,1.93621636875155,0.48841339731705,0.11096306026417,-0.0166586028860842,0.105326776227484,-1.257934592949,-1.32385996394801,2.78059430381821,-0.238035744217912,-0.205907924348009,1.53446535014682,-0.0527012873235046,-1.60509933888679,0.737255860746527,-0.184834420915396,1.36169907310765,-0.431414154508768,-0.0714066357178041,-0.902520710135756,-2.30585877647816,1.76543875520586,0.0800469671684016,0.945591921571923,-1.37758093934803,1.17780409606191,-0.0657998295288437
-0.743278222474629,0.513153185095838,-0.244248720458501,-0.6092245535208,1.33389126389301,0.0737013571095458,-0.774501613593644,-0.558645157951863,-0.805052091824222,0.787454829652451,0.791571620844083,-0.311692929573829,0.104949960060688,1.9054343177021,-1.284083994809,-0.242009892567688,-1.71712042193937,-0.378666728005487,0.514389723138664,-0.374726883749174,-0.185188088965429,0.471731735286,1.40011634736571,0.640971573493282,-0.765027273891395,0.491198742023806,-0.0110401816653392,0.420024133639095,0.706947126431258,1.22312608851641,-0.420927416429759,-2.02571260279627,-0.787757856400873,-0.711681138737298,0.465375277178833,-0.97278236283702,0.0392944509555983,1.01157279435554,-0.402341075289922,-0.679232080077078,-1.40147480981949,-0.584826272410303,1.05692859161613,0.266868072931304,-1.13066552582282,1.11073786494064,0.291002597125877,0.00367253854857725,-1.24417691804741,-1.47309427863155,0.985418121259528,-1.16199305226476,0.176294590688396,-0.173058080665049,-0.0245135156329289,-0.950292935042792,-0.742183111265977,0.656344522606811,0.53387721785705,-0.108165447701789,-0.405724188983311,0.546485516417884,-0.811851743134522,0.637124107682645,-0.565842956297015,0.132749174141363,-0.550240115280657,-0.999457672770979,0.655623502085993,-0.435377677008831,-1.32361709908046,-0.808682857279889,0.101921418297309,-0.112973335050495,-0.239927089723952,-0.479163137714207,-0.518307107779954,0.798321620712242,-1.32965176548268,0.179666928925351,0.288321732669269,0.369997273364787,0.214839125282945,-1.89527356490108,1.45912008927167,2.15076918610321,0.446015530220086,-0.22714252913576,-1.84769854268383,0.824820019390939,0.383996387465645,-2.21398288879898,0.0846988063122266,-2.41304633061766,-0.254101965439373,0.789120191256256,-0.391043773942049,1.5017294278872,-0.329548642833007,1.75600305657064
0.882586185644806,1.5503843850929,-1.36732048956447,-1.27503870463395,1.15956848430519,0.290989009312858,0.0962670249192656,-1.42396349755794,-0.196452642583556,0.786453336925104,-0.19065425387212,1.07664575038495,2.45030348304901,0.36567619480374,-0.120498273375779,0.355896697949926,1.18840275189463,-0.646897035899044,-1.66423707766708,1.59556696682913,-0.184627520942152,-1.21675241477052,-1.57374990162941,2.42505342810724,0.725660683709537,-1.14121515306161,0.218850099879216,0.330447551509438,-0.136770125442192,-0.338340928480097,-0.272464106063752,-0.426726125842426,0.0900366733734107,0.129951492102753,-0.572398322587876,1.4230303658584,0.256418182802948,2.11935385546787,-0.492911299009307,0.624675405303632,-1.79207791081647,0.99331691295537,-1.07548025027891,-1.36348009335978,-0.448528030414446,-0.382852993193629,0.215578456951352,0.0905064686235222,-0.615554847953263,-0.63421056924628,-1.19947492821404,0.508455991828714,2.04116032643704,1.32294008949562,2.60151801970368,0.659515304958791,-0.307554853580431,-0.89083282623029,-0.846215181011043,-1.46473849772853,0.632419010377044,0.185421234637558,-0.507657546142409,-0.574562977089708,1.4381277998803,0.104622101980171,-0.819127054806161,0.413877200306702,0.11505223425033,-0.442987327069841,-0.454034663877777,-0.0348790784205181,0.136719473551427,1.46391070915424,0.559097288240222,-0.767165237221766,0.0988024358541962,-0.445001448660092,1.53613079999144,0.614578763456813,0.166942176079984,-0.744090870902557,1.65867844180159,0.603089367221854,1.2432641744469,0.419743564242446,-0.0645085456592363,-0.760211690446758,2.00474093238587,0.797570579774213,-0.791615167931056,-0.395121391818594,-0.155331006498972,-2.16081120940941,0.0497461501251421,1.38551877458778,-0.129786130125595,1.40881090293049,-0.198713052051292,0.0206258879055484
-0.0115337438731523,0.145527251355587,0.842130902505065,-1.31292450032489,2.09522807191333,-0.21920125325248,0.461805864525738,-1.12472609950386,-0.35974933496154,0.825342676335222,0.485558293873747,0.0386832806296495,-1.34500862968367,-0.595856184384857,0.321584453117432,0.332870133362527,-1.85467785773382,0.330476428689443,-0.649020812222419,-0.0335727793898134,-0.10552881196687,1.07507866925704,-0.108618884405402,0.00821980026567715,-0.570280286204363,3.23021028020497,1.94657931939205,0.266188811603433,1.23480914712022,1.2068345007336,0.128639444717686,0.749525037535395,0.634530510866022,0.342420518197653,-0.24295591090306,-1.37116875731699,0.401298115044958,0.398284977118664,-0.671944419378418,-0.262825534898894,-1.20523346037742,-0.932464401428875,-0.835915340661305,-1.62843248287755,-0.0534562421147633,0.536694207677333,-0.476571526347604,-0.27367844793864,-0.20474457083251,0.257973756516356,-0.624973404937399,-1.51842447382392,1.24643575808174,1.52427506993726,0.0709567058520402,-0.141101872779362,-0.205169871745706,-2.23859856067501,-0.286087483339743,-0.894470213194443,0.152697433416899,-0.59204777810458,1.21102436033057,-0.183689841372689,-1.55966032222566,0.71930592907483,1.16265749932641,0.481367960080728,-0.943811938795363,-0.397108673811019,-0.725044014098845,-2.16836862534524,-1.41145826704097,-0.81889135992158,-0.853764931230268,1.21255804500212,0.378351145947988,-1.69256686325159,1.7676631732608,-0.719759598423365,-2.4254850277963,1.93524644311427,-0.351377712026052,1.75170546365509,-0.287964982784533,-0.451162326269901,-0.415397218798406,-0.623778115902269,2.23958282151885,0.27614839215829,2.21418906605702,-0.587217745708223,-0.982319889699131,-1.93826986168998,0.412062622502701,2.00892524976143,0.503901571190683,2.35666860277292,0.635069993771943,-0.255933547781805
0.185882223843015,-1.23870362742038,0.728010246348731,-1.44143381126416,0.331123192025229,-0.25545558714182,1.5662143314476,0.702776030130061,-0.0236831422680824,-1.62107032502656,-0.466607223995162,1.50863731860427,1.09620523240075,1.43886811753586,0.984397071746596,-0.20136553669936,-1.58647649490187,0.816392623214981,-0.824693174075335,1.01854935882451,-0.0651060504070307,-1.93382426381966,0.615007434959004,1.42709155765017,-0.871345170922954,0.200383393989577,-0.601182157252486,-0.128201983742454,0.842806574723426,0.391793545571059,-0.598158983812418,-1.31766401702005,0.906543637629321,1.09863370030186,-0.21899028596841,0.522240157454552,-0.243148815957905,-0.355625747228689,-0.113975302171509,-1.13094426661398,-0.5866870567474,-0.731154438904971,0.913913302667107,0.768319603891765,1.16754699029194,-0.939699131625101,1.09499386359487,-0.957383838871222,-1.20136499473084,-0.654603055388141,1.35814723901634,-0.395525762319766,-0.401462348197918,1.01549654372223,0.244865015519313,-0.412466093702253,-1.19055719706728,-0.356392954805657,1.54877758389155,0.32961482666546,-1.12016856341121,-0.0954651293723629,-0.664626523689878,-0.149592073554902,0.324026035602846,0.144257792970225,-0.883171876302751,0.752262806207804,-0.47091092150536,-0.351137011589343,-1.08457967219566,2.42272124042899,-0.848859385529144,-0.383725037734211,-0.770437656809816,0.725711723873406,0.394097280332146,-0.0044178981147016,1.13309502771285,-0.594882994155108,-1.21046480865798,0.236312156175902,0.149400977828324,0.216278836112147,0.396245467088274,-0.495222278913437,-0.07982336376879,-0.25072882913995,-0.285620201338859,0.468166563036332,-0.443476351475707,-0.276609888267977,-1.63956296319205,1.0509735840522,-1.16732645962618,0.0806506412790738,0.396732623973347,-0.589222291443474,-1.00595723631248,-0.126503406613938
-1.20734352672094,-1.2213209919738,0.343106381590145,0.852773584608928,0.523070218704208,-0.665295471246485,-1.4680673176421,-0.135270795058417,-0.931351414021419,-0.695904944412098,1.04343347931428,-0.130897546925797,-0.310548072905197,0.77843255350525,0.0917816392772409,-1.11028927809295,0.517467568540635,-1.03478769607184,0.598874908069809,1.22183988528628,-0.571745461822165,0.504160765465122,-0.8362562697561,2.08155946732865,-1.37325741937586,-0.314278310521992,1.22243348619258,1.04558594213899,-0.59256984288186,-0.765774195366086,-2.06702047757899,-1.80072837288105,-2.0229239522171,-2.18387898813281,-0.379416802984446,-0.834328556956789,0.529275482876266,-0.645874911541497,-0.245790122507628,0.280592184689918,-0.529137674538575,0.125012468021274,-0.89581390390158,-1.27895211224561,-0.556897122937389,-1.04304532483862,-0.0344103813902885,0.187151091047372,-0.347113054008262,0.933205541857673,-1.65413714033085,-0.281490243885929,-0.185965424511088,0.21693765027205,-0.124511899587957,1.46057724651302,-0.958534561733228,0.0844590791129288,-2.90891176430514,0.821877807245589,0.615238855589732,0.683522933253743,1.72450232460587,0.345692478701594,1.14274054225986,-0.235013826760942,-0.155827453752451,2.83012921808814,-0.356894852041447,-1.22023348135663,0.740876913570025,0.767367683419153,-1.21826326686345,0.200686280440688,-0.382647861435725,0.516595495378259,-1.46948177375015,1.93033848904755,0.231618313926673,0.299492717594637,1.78238754147455,-0.803677909049631,1.66882520976118,-0.786803793527322,1.22646511676681,2.30582116683877,-0.569556439765558,0.026504197056453,-1.09044227009018,-1.2571168264721,-0.733295707111989,0.566567109562616,-2.71587842323043,-2.2806342848338,-0.607909480001605,-2.06842357481182,1.88940826683438,0.949895863494566,0.220017743225766,-0.142242919561477
0.911425951849434,0.691556640998581,1.08425301228909,-1.85944510744259,-0.628413189203593,0.861085715173669,0.299544496016396,-0.867247492288286,0.0670738493788515,0.496541911787924,-0.713994637826328,1.20481455486042,0.584464469792369,0.815699917517296,-1.20627435400116,-0.312225473143338,0.188758497680834,-0.115509881691135,0.566450790205769,-0.0470921822275537,1.11211147294782,-0.14667771686174,0.0224698272646168,-0.869517873027284,2.06559569276838,0.00736479773931208,-0.462784189850726,-0.730463313065374,1.10805982694964,1.47292336544413,0.685188087055554,0.840272293947464,-0.462938619408428,0.193831558340132,0.0100858696492314,0.32637938893846,-0.567071374389713,-0.180562304214899,-0.278556549232309,-1.47410312449097,-0.540363983010294,-0.294872283993069,1.76272970106498,-1.17549070968904,1.01379902709754,0.777832124443239,-1.14061333479646,-1.0631427713268,0.0524008930737071,-0.861627018611973,0.491068458909409,0.320063164081792,0.322661009879034,-1.64667723836966,0.875697876841092,1.00915760133418,0.103281235341759,0.122212043217539,0.139589428633962,-0.973641065243942,-0.0770619733516146,0.224603045022503,-1.33028032010092,3.0978821898316,1.12753780273684,-1.09585362264657,0.67407756869885,-0.740277334622862,-0.265350139090537,0.2962938700828,-0.160899993866814,0.556527782300208,1.76127567389214,-1.39499093694772,0.452650427762455,-0.97524160534746,0.458871339933355,-1.43638935911021,1.19079170557339,-0.0639991594782098,-1.11651969655527,0.372233344611251,-0.805889519190818,0.760347734814561,0.733200150561369,-0.487100630552477,0.17405129045926,-0.422762343236106,1.05218375090073,-0.14450751301453,0.581671648850916,0.444195225786242,-0.795597621979031,1.63651677197624,0.997010369185399,-0.250991743158105,1.67081208520074,0.560678202289076,-1.93292539495251,0.378828744652457
0.555738356234727,-0.747193278048321,-1.3155291341066,0.821009587812823,-1.27875089227065,0.112259736887682,-0.649078240531306,-1.43222830549129,-0.376970829024849,-0.323125811905021,1.46457165330122,0.0508343164749535,-0.0799464889816896,1.31464738367944,-2.1584405348993,0.066823428939397,0.990349435582346,0.296106820136922,-1.31333361178006,0.131447188232649,-0.345853679740811,-0.753438617838168,1.66239798355923,0.679856490798532,-0.103892712309992,1.76433305370874,1.43174532569091,0.45434297488576,0.383873774985647,-0.672195446055598,1.27782392354615,-1.74801862224644,1.09714941005239,-1.02146972906155,0.967462228009549,-1.61375171575232,0.190647742166238,0.419489972026422,0.595292254396454,-0.437297947638603,1.77405107753785,-0.516331269163127,-1.94104241407677,0.428073586114079,1.77738704623647,-0.554357946861107,-1.25619527181368,0.958127120095359,-0.848429176593201,1.56281784266207,-0.0174693878362881,0.330454491146959,-0.550857310774573,-1.63962750677977,-0.584964055592904,-0.538745208964672,-0.704792235009884,-1.31996452987145,0.834668202602073,0.812363126895968,-0.6190058241334,0.178908144828765,-2.33035092640852,1.37759254667925,0.679308568683706,0.527684167627627,1.42105218874417,-0.847161199427138,0.768543352688532,-0.454911019259813,-0.889091409998448,0.223073341127877,0.464287224097838,-0.358734969610501,0.367191151282344,0.281661183526999,0.611951671589198,0.0941642176092779,-0.0147115229120233,0.9484195586419,-0.0532265986262392,1.38247673585387,-1.36620773835915,0.643147373630648,1.36478670459273,0.918515185318207,-0.704607567376984,1.02734887040092,-1.74364060668888,-1.51460257669767,2.01574375031578,-1.14683326359256,1.32258975238468,0.276978637648351,-0.312891431103892,-1.01550750458845,-1.52041115395297,-0.41296952263203,-0.666593737801078,1.41414867100202
-1.95866919729204,-0.0753185399316671,-1.26809353540072,-0.431617410622501,-1.60138273011084,-0.072335533452664,0.42752043847224,-0.389883660529311,1.3845801985573,0.203086313512533,0.845729964445832,-0.168645315840225,0.822946138351448,-0.268376854501892,0.974638325885208,0.305930005185163,-0.893938839530649,-2.08702040567829,0.621566647105319,-0.672067863624396,-0.175730017382152,-0.511273353756522,-1.99731178484668,0.595048464711276,-0.177877007574736,0.216208711513112,0.349156392260365,-1.13300346293531,0.984170609222033,-0.672962536994279,-2.26998644436817,1.79269586491329,-1.40812489812319,-0.508426397905291,2.16306872686515,-0.392799635937756,0.931703354844644,-0.758971037533388,0.137043270458594,-0.525283067387649,-0.875312311391629,1.42943206530579,0.860159561694407,0.219174808138924,1.17583496370057,-0.11550578140715,-0.247628896745051,-0.248518567510226,-0.628973173113819,0.672873470142003,2.65772971723956,-1.42225072439745,-0.45345446650787,-0.326377066510033,2.06328731285206,-0.752000602596693,-2.13653331836158,1.72842215921101,1.30917010133241,2.00887118064421,1.0484219138571,-2.12676566882269,-0.801640630853361,-0.600254338088791,0.143482567998805,1.45763325615406,-0.846223649784529,-1.04347251922737,1.57957621099856,-0.974498049255485,1.43588034516299,0.602534882226928,0.701762195199462,-0.681236872625774,-1.46284362111271,1.50336121171558,0.442276434876657,-0.906019433919634,-1.12735769661383,2.28459664304454,0.366905818721974,-0.419287888681526,-0.419616814298187,0.0732178216394941,-0.727552305347031,-2.61495869047171,0.375583829520933,-1.24965487072143,-0.978024149345483,-0.740884297524691,2.29890706972809,0.8407511289123,2.27311465724503,-0.310369056587768,-1.65910878567644,-0.698849797942782,0.0711896980776669,0.650643909799122,0.0522229573290854,1.1073280170643
-0.114254204914863,0.290305984636196,-0.521039079946972,-0.278229541165971,0.479893105401657,-0.263500467205592,-0.104062377801286,-1.11592885310702,1.07994075177204,-0.0591666826135138,0.57969309187091,-2.01581976644383,1.08211423078467,0.990545689041113,-1.44911265333436,1.18203035827332,-0.309334731256737,0.0827994148674264,-0.714873502860904,-0.0356317081273957,-0.129058120750337,1.71029427519549,0.209667136889408,-0.889180026046474,1.96691699620809,0.307436304472775,-2.15052581275806,-0.856674338049851,-0.0166239018031658,1.63525970905096,-0.00313694094517687,-0.152459948393139,-0.640974853022522,0.184764313908043,-0.2375533443711,1.56732753010871,1.02279455964579,-1.35592955918665,2.08519184626092,-0.964514468373218,1.42200086817977,-0.474861382175966,0.742925269341814,1.00066006628061,0.0595076155082065,0.912100884388558,1.31120941942167,-0.371926694019262,1.31168284771222,0.187197807387549,-0.199341727925477,-0.24450713986105,-0.243460624107522,0.0385809171954434,0.374276254490387,0.353860351392845,-0.824951976644086,-0.405942601838442,-0.85223613089858,-0.0704889174793139,-0.401950516234658,0.0894873085040619,-0.442524304594633,-0.334208744708206,-0.936571955897059,-0.99036885960032,1.27998425799014,-0.594052143996304,-0.752138812590763,0.139889847476153,-0.0666082203003818,1.35435031115188,0.821268919946742,0.37279111358487,-1.20980186541084,0.352281108078311,-2.21824328388582,0.0851143882640334,-1.81397043693694,-0.0583736626385737,-0.549267884901732,0.198336582703652,1.70937619106597,-1.14438150652593,1.28887905816295,0.0694849281124845,-1.45974510550104,0.072634465671436,0.125162444303435,1.72769740301886,-0.866094788096374,1.03876212370485,0.145391360537755,-0.591431335030313,1.71876456229337,1.05215878556133,-0.320098615497526,-1.1233312499198,2.14011419061947,-0.599098736194206
-0.164100962512919,0.425380156085829,-0.588702806875968,1.09741513397037,1.28568544203229,0.650784804570949,-0.301343042138926,0.584145297557267,-0.443608332235928,-0.822602979975278,-2.32092019369202,-0.452744335832289,-0.378158525983115,-0.514236961277396,1.01275523506698,-1.25213224415711,-0.0290903238170638,-0.00449437006803754,-0.722296207942536,0.464976122504359,-1.16560925966695,1.22005126107636,-0.10368622633479,0.625576705986107,2.15212504851791,1.250764739063,-0.674660278614167,-0.0756730990938887,1.28142755592266,1.044155489901,0.39614469984726,0.0786046952889147,-0.714630018075161,0.170011587382527,0.187747942314588,-1.27106797816519,0.375015135964546,-0.463727812122942,-1.64452152236154,-1.4041549536567,1.67826473752352,0.663930887626628,1.49987979743455,0.507616135214329,-0.975836784778152,0.97181728132873,-0.511660895586899,0.271443067448033,0.126660324186764,0.304790469527233,1.26262163558994,1.3379646926396,-0.844199801013247,-0.721471312326646,2.71008018000297,0.348295263819208,-1.66858963062809,-0.610329572871589,0.0198663325945259,0.989321164127717,0.407103329363091,0.580360465886631,1.31473776571168,0.895433743520367,0.331323484918138,0.83945073331745,0.841964785068699,-0.507548027308766,0.548444392125494,0.235439560318128,0.1980480625806,-0.411963607057976,-0.460320710948974,-0.512200285238664,-0.257938289780503,1.95950588448913,2.5343054452148,1.73365059556947,-0.426140813952909,-0.960930206715368,-0.974649005100734,1.92923503213774,2.70353707512226,0.547762354029078,-0.760694223989074,-0.373636119250659,3.35000672824466,2.0449619043048,-1.48515706889556,0.43830459280389,0.293350178204432,-0.133841885508515,0.0265711956020007,1.6519589787384,0.10425003428445,0.182669515749066,-0.80274562202705,-0.161072389159055,0.444254540879177,-0.445612727441378
0.336893386119496,-0.310567223464636,-0.368650099630352,-1.90031371096977,0.519120107157644,-0.342541716865801,1.35710262468535,-0.94696706310734,-1.28340780747379,-1.65626392071545,-0.0866561215810867,-0.245649268985204,-0.307175733239984,0.531249200209262,0.0389483459877147,0.450573136241444,-0.28112201378914,-0.0805540166251189,1.04961388879055,0.879483645667735,1.49382822797274,0.688498436071748,0.0252268040956814,-0.0441986812500167,-0.83994122056901,-0.260188631365221,1.00910408959262,-0.549606106353675,-1.02795993763504,-1.57389006786927,-0.931738636222026,0.337687306298932,0.634706253873401,0.293479809109492,-0.932441776350975,1.0870949483801,-1.30297485808619,1.11275495366685,0.12098265643186,0.668074975361295,-0.393674006849526,0.0781325440929406,-0.419929423449134,1.55359693189903,1.86807426804623,-1.35769315045895,1.56940888679911,0.0500052473206831,-1.25811863261857,-0.548965615054421,0.709459399787504,2.15028661835751,-2.4795752836673,1.7178008114168,-1.03583712221168,-0.171592406923754,-0.358500061512283,1.00227599684791,0.408515386875586,0.293242847217833,-0.111511332655839,0.417373545712322,0.229905359147101,-0.118557061725944,0.737541143751999,-0.798838893262249,0.783366859435195,-0.183713045111036,0.820087603398596,0.29051814363759,0.83378087090463,0.39906980458287,0.907328888928947,-0.531628540813444,0.694615845672463,-1.05398743377432,-1.20375834873979,-0.816327746937603,1.05854511585871,0.698440408052664,0.511592151911167,-1.21962261557602,-1.23179645193212,-0.243207390987745,2.07482503128174,-0.80560670866434,-1.0101179616386,-0.0128214827485958,0.328044558077215,0.996028230185005,0.317321692112219,-0.889801483723298,-2.64761206474067,-0.959546947005467,-1.23405226567623,-0.895564016673134,0.376839882825037,-0.567997266091461,0.799432863902182,2.33421106124116
0.322626565188881,0.313562920842353,-1.01154430497146,-0.630890265224427,-0.505722787416277,-0.284519861234036,0.330874696826565,-0.0183234944198805,-0.266381340736275,-1.9416780852481,0.108383046476463,1.23951619359971,1.98129562750047,0.27754720920868,0.640615506252303,-1.09681901728767,-2.30246450849543,-1.02225546699817,-1.70522974585854,0.484656489785857,0.548286158345073,-1.20868940460496,1.52413333320181,-0.894748496441939,-0.784436662555867,0.284707099980606,0.113113470588547,-0.395421898374694,-0.665530010199586,-0.375172224700747,-0.186878876634103,0.543860941147412,1.29835113372868,0.391441470618116,-0.492095817565649,-0.769941256145082,-0.92165367222614,0.758719129384501,-0.513882516237278,-2.20425135436795,-1.4548968771408,-0.200484562632502,-0.734297854768669,0.808646968264938,-1.1839649132505,-0.496086603521146,-0.39689680251205,1.17397507326588,-1.14443322897634,1.34928905701811,0.23580371347959,0.0651893720097046,-0.934742348583121,-0.967399300497635,1.24339655233247,-1.60252053530042,-0.623734274392079,0.720567515583547,1.4310975787031,0.819624470280053,-1.61975412705339,-0.22916296775757,-1.52056550731263,-0.0354056761589855,0.568481994059079,-0.674008235205395,-1.20054990321336,0.950053470825472,2.70084644085799,-1.21562841480136,-0.911909754880151,-0.253169595629044,-0.00794539245475036,-1.45025895949,0.505011898769946,-0.646063234780784,-0.27797868784404,0.711732761521599,1.98625999173,0.652077659245782,0.473201294719458,0.566525269002072,-0.44854481648253,1.18234696800132,0.720369764119978,1.59684927740217,-0.338480554988144,0.250337738425965,-1.18483956562147,2.17278326903063,-0.0782833068702202,0.364283215154192,0.498360110730776,0.0416737625988515,-0.530128666916973,0.174344785354422,-1.27756990238306,1.46156171006894,-0.32274086028406,2.2439418913803
-0.113890283789465,1.04281794536059,-0.25437817553238,-0.258075281433796,-1.75567084975504,-1.54125047872929,-1.20784093845164,1.73178639594326,0.998982332790171,0.684472277803352,0.646744503548652,-0.67618350256072,0.859445435722405,-0.840576261970385,0.728237816850395,0.36987578954446,4.15101679547019,0.398398780570545,1.31251471385966,0.880064828603348,2.05494002745601,-0.307976191382168,0.540229337340118,1.25983983422498,-0.893030489427471,1.33786244656173,0.77527512063549,0.266983501551354,-0.41928302002606,0.0373090461863965,0.334967056640275,-0.337811030286803,-0.0183767454542407,0.485999205147358,-0.26555954741135,0.839540742267322,-1.16423443214342,0.864347635964128,0.730128924982575,-1.77580829834457,-0.134931073601304,0.554049089619208,0.512248168336073,-2.05998404705116,0.0156531916407365,-0.48091179458814,1.83009176059172,-0.783576467684764,1.6378425459426,0.47677587375631,1.25534387378901,-1.45786520298514,-0.572485732151518,-0.991839344692736,-0.971144800603971,0.142815880956224,-1.47153379330332,0.0576410413854578,0.050293499237117,0.550185604703696,0.381404928693002,0.329465603662897,0.0751715809908512,-0.465996286285226,-1.49440561850977,0.871730710213845,0.383273232278473,0.744561766747548,-0.620319012253921,0.722195671553814,-0.726791749470844,0.92259015700665,-1.31912202153513,0.433070728397137,-0.667267348780241,0.14322512031891,-0.245361716488168,-1.00710135192859,-0.51707427787254,1.43020352278054,-1.18022458856162,-0.416088943523777,0.553533456015774,-1.65284606114543,0.465598108332324,0.625998634354979,1.52362962791714,1.32021648575413,-1.71367926689609,0.730711951469369,-0.58472787627033,0.3886330107815,-0.44733185523712,-1.05343367781066,-0.126476232046559,0.338524450698257,1.12562846440613,0.542076183489126,1.32480247424009,2.09483038036726
-0.475335154668938,-0.837515497061185,-0.659503349378566,-0.960540484088119,0.259806095013112,-1.66099746267364,-0.198541566119104,0.392884808139975,0.557836555005307,0.908943798484476,0.787756959777716,0.153362057007636,-0.664742232826919,0.314882231886519,-2.12320888398472,-2.07206627415798,-2.88744555592519,-1.28926499722681,0.613956099537005,-0.393432310209889,-0.433071350423669,1.41074325762921,-0.355158952209675,0.146008794014934,0.0455318115826862,0.910690589230672,-0.542762751847084,0.702268514783518,-1.71294683076642,1.02767285231352,0.922347670604761,-0.775261393929767,-0.392186463619375,-1.31549437495385,1.06456865194108,0.0156660947710248,2.40513168559055,-0.419037291963435,-2.20445766855381,1.76648058437403,1.04214462324295,-1.80355000694566,0.25166536198704,0.023135964582926,-0.194404906122252,-0.165021258747896,0.184467947374987,1.2799129378925,-0.419686987194103,1.19567030989187,-0.170356922103177,-0.607211824382933,-0.965961979008304,1.48972762994648,-0.724830383380877,-0.636820320984385,-0.134137932205465,-0.49996085049145,1.40829454080545,-1.70461443345181,0.714813097502088,-1.6769572476208,-0.209001704703893,1.3928948349109,-0.111100040967356,0.446405384119004,-0.499302283138994,0.722925833628781,-0.55252742839272,-1.35481103031127,1.89556003093309,-1.26342556041739,0.387597625243336,0.0316522893216509,0.423537966484387,-1.59928282198676,1.37735861962949,0.0506450736388486,1.08376399599593,-0.027556396314309,0.780897316375333,-0.0909498576193303,-0.495576641468569,-0.817664085724669,-1.80303898489175,-0.474140914212684,0.657960037108368,-0.795014599587666,-0.000518874623479886,0.594072021451533,-0.811728063937529,1.98719037053974,0.0197409384572364,0.477759040067788,0.755480300804081,0.851504730689801,-0.716580637325671,0.52084693840215,0.270220095221673,-0.278949335183994
1.43288436131716,-1.03239625061882,-1.88226357983237,-0.710367837396023,-0.402013362539143,1.09334286688536,0.836243334777479,0.686760416123296,-0.0263906956286732,-0.455921470526938,-0.123032619562961,-0.13178313488214,-0.396634100520368,-0.7720274158124,0.600789398690842,1.58634027363187,0.0643198576002858,0.939838764800955,-0.568535996198393,-0.0206741336514117,-1.01320221532278,0.874060661444345,1.31338619309635,0.170104142985531,-0.104518801949139,-1.67166797998181,1.56251886899951,0.558722386959629,-0.791532603467904,-1.39696129460439,0.174829176490494,-0.209798105919254,-0.123918120999639,0.336071771465626,1.15953110486273,2.50314937717798,-0.0785486351466972,-0.878471843621849,0.525985458726173,-1.52151246550989,0.00768783123069394,0.0641598236882362,-0.59779832146883,-0.0268750258853085,1.02631941918354,0.424493529920373,-1.54004460853836,0.00635878209347103,0.11482114722987,0.734757257680786,-0.176936709269763,-3.18180082938698,0.0139627467336916,-0.204546209996361,-0.00835012561646155,-0.347009969697678,0.585844545888398,1.12367828333171,1.14585567672134,2.01829305280381,-0.556696383987191,-1.16201673201592,0.52436992559947,1.26918398682595,-1.42997006180883,1.06188739248883,0.872395825650513,-0.375173291595685,0.0503005384015231,-0.0491481764967012,-0.305089677483016,-1.2039824906491,-0.425488605470094,-0.890040080840685,0.507744266666632,0.00186383132660444,-0.0686065310057022,-1.16134457611887,-1.45773254246,-1.5651513144526,0.00530875847704087,0.821733378661374,0.105941617594332,0.188751621354828,-1.08415083177664,0.649584805838137,-0.909357924859739,-0.622406437206444,0.357286219733819,0.103371629452117,-0.540092722202271,-0.626073998708972,-0.60109417478531,0.742218443652997,0.636914587381426,0.0528749178763551,-2.38251794350217,-0.901692509505065,-0.420105475562028,0.517731723386708
1.06447811228918,-0.0609965137359163,0.437514765101596,-1.01506178954546,-1.11484083654759,-1.25918533295543,0.41869228338687,-0.930638771373784,-0.816508884531471,0.695013692776101,0.227062108027718,1.95826716519017,-0.39165549004235,-1.53299708805153,-1.00356514025628,-0.234675052959442,-1.32993055357385,-0.205443136881855,-0.895079169427674,-1.40636369220305,-0.161925946257267,0.433393247944245,0.176799111397261,-0.521857535308639,0.348738618986324,-0.428997223867103,0.604233774439722,-0.135185889133638,-1.30200631871877,-2.01282612305104,-0.894891367110444,0.0501232145922722,-1.32807222894141,-0.118592600243835,-0.405039487186538,-0.0287351304952743,-0.28019419871897,-0.14032003192713,-0.180572706343403,-0.467450004194351,0.601562280377922,0.483485249956273,-0.332448847949151,0.273612672246404,-0.273332750290879,-0.203474149247487,-2.3275967963945,-1.09442523572813,2.04448449664976,1.36368559518647,0.251834746834809,0.488500649633065,-0.823666294954885,-1.03765684437128,-0.69424400991242,-2.67706674002865,0.206692595812917,1.36772298123888,0.700446141803279,-0.943208595513361,0.738150066059856,1.13056260644716,-1.23510562418477,-1.77542840323601,0.133289081355094,0.740147393332906,-0.995673357516834,0.691666991956649,1.28363158239832,-1.27042574945272,0.673662571484367,1.21280585501739,0.870256165967203,-0.238805822500869,-0.736725415088417,-1.24051685062137,1.33705236512394,-0.38615441037229,-0.906301223203778,0.0742154229079093,0.904259203886636,0.147669557724229,-1.40617251396347,-0.0889428981252098,-0.522731236399656,-0.455247883897124,0.873045525265307,-0.0357254162125983,-0.984041212114145,0.801952918153075,0.805186343188938,-0.679612547719945,0.851006229528187,0.598402841740923,-0.768107694772214,-0.78452695819583,-1.31681268539189,-0.39834957754519,-1.90618578445432,1.14668067291025
-1.00171994610941,-1.85047322728515,-0.664648019053658,0.50890981939041,-1.10658666201406,0.58923720611841,0.234793028928391,-2.12980271674577,-0.692559289044366,-0.457343708120508,-1.18856344693484,0.62150285314856,0.643035775924146,0.21255909467205,0.870414199521562,-1.09205398977488,0.318345082108315,-0.346991387789855,-0.296741161743253,0.41416831800947,-0.889196551716283,-0.214722800509793,0.146347696680987,1.77060404702791,-0.319877866938854,1.94846583688248,-1.65793555109111,-0.273703530672848,0.584314843719953,-0.854231869954088,-2.62968827285677,1.40140453276536,0.19992487693994,0.236655413519097,0.7876017066141,0.0363671323526471,0.586779697969796,-0.778932822695151,-1.2467546870997,1.07572239547692,2.14437486324321,0.0190108518971832,0.0045593480698061,0.248922186113084,0.0683138643070867,-1.37271991948395,0.534117781293962,0.13994293811042,0.3381470751288,-1.18448447974963,-0.375449412249765,-1.4797999558475,0.91428824491681,0.286696967716279,1.14958813250369,0.712537129895571,-1.10942295397911,-0.610336183693511,0.0388672255892989,0.25789069590475,0.498561414589473,-0.0802887724290275,1.18850822075027,-0.178197645743523,0.545145984789738,1.71561761583576,0.919107541837551,0.387585013649296,-1.16668619310884,-0.245267391182449,-0.477346396992185,0.531068818144831,0.885510239079686,-0.857600862900966,1.26415623458953,1.16427001044028,-0.179810839484592,0.894716122426025,0.755665550114002,-0.47777120631431,1.0785997280324,0.432872097461504,1.22710335527043,-0.313553023825413,0.986525722884873,0.906257392975317,-0.200833770679929,1.01644535167108,1.5970672640302,-0.100213642700683,-0.987609135648063,-0.120080165933884,1.07120969911983,-0.710433601740398,-0.819068592155138,1.24117428813376,-0.0651296889980366,0.863532233207727,0.310252609417562,-0.285359255476124
-1.56080796273712,-0.328259431486584,0.40879943117877,0.967687467101614,1.73330652753485,-0.534926860689934,0.237317657959834,-0.449744321305585,-1.52038565893672,0.806466459558088,1.40999282094483,-0.363585951597331,-0.734599043862637,-0.701198175563337,1.10640710539437,-1.60455172624624,-0.429132381384604,-1.42644603071638,2.13772245457361,1.61913106434345,0.625566246332177,0.83553579066952,-2.20856383647574,0.134891964177002,2.16263589954228,-1.76164268236112,0.145416501605614,-0.126588186763772,-0.124620566949419,-0.228288332174275,0.144672833065504,-1.6256357922034,-2.68427954599537,0.437473746511876,0.698449856350377,1.07249491362545,1.9138563715839,-0.251168927598201,-2.42604325738431,0.905262696739167,-0.543008615814716,-0.433649487101597,-1.51584076050567,2.72780213313847,-3.71537945906578,0.196753805010614,-0.167558350696456,-0.674368708028416,-0.0412660617444955,0.969071856820022,1.60807184306366,0.528270091684531,0.384998197158906,-1.0136243777887,-1.09905891246592,0.631643106855189,0.457819083480002,-0.841592982025436,0.054499417399652,-0.0972414743583096,1.72228012190725,1.3108088788406,-0.265710122843894,0.0093650020860687,-0.471485943603912,-0.743427683730846,-0.37755810901415,-1.04549970698865,1.53715652892532,0.790971774361467,-0.790231231487717,0.680472459710196,-1.18749411590422,2.00813216335812,0.740557521326108,0.606326761934661,-1.24143339768004,0.219470362062086,-1.03157738262561,-1.80075971266868,1.01397673298083,0.608464279893959,-1.40086899536288,2.14772929883467,-0.710457144927673,-1.24724041957748,1.25795155134191,-0.545278451713108,2.45560159069372,0.794605403095123,-1.28059140889399,1.22228802014502,0.297207504340414,-0.786599321318906,1.04220315468728,1.63637018062827,-0.513364270471959,0.693045064048892,0.519096608138182,-0.0481432697976929
-0.226197086078894,-0.0525680690507176,-0.0584817591631432,-0.467752382924713,0.504233064430934,0.667750478567107,0.771381942361822,-0.941582627758013,0.0674169662241555,0.127619399802621,0.976661561050154,-1.41122707881371,2.45113310532586,1.20420220080904,0.608645975664136,-1.11815717854662,-0.592125098683421,-0.525623855750442,0.0865072138195257,0.411751592219026,0.42076637675239,0.565060798743285,-1.66722109691804,-1.08018300928109,-1.11731111112377,-0.722248774299764,-1.1634377560464,-1.29544644288028,1.17655262752998,1.1759261445522,-0.65885600027065,-1.05093487707732,-0.0351699271390604,0.790440003279348,0.507999275055066,0.932879253331522,-1.5573540684866,1.80595488823323,-0.920166538332346,0.307836377656409,0.381411906717846,-0.0808944050483407,0.175882890280879,-0.729683606396663,-0.45568386979949,-1.24904625364511,1.79769064912198,1.22696959626585,1.02719773039635,-0.425240989168147,0.0371071062306361,-0.225582018688571,1.04132171614269,-1.58290293661059,0.0818889398945421,0.860059553081808,0.670294489494481,-1.31299237178032,-0.659106414866064,0.324138368183294,-0.598683687813098,-0.694820901648546,0.154244209853594,1.38319309087964,1.48485582697687,-0.00813288864909191,0.261409966341339,-0.107316765477214,1.50573346580852,-0.450953261670925,-2.87881637414491,-0.619956130983577,-0.181989752101108,0.598025646227977,-1.79156432300463,-0.0963251189377147,-2.52883180058051,-0.163812336919382,1.52718826565834,-1.40081614316858,-0.0886754977151487,0.350757826256434,0.384081298146515,1.21245398254745,-0.652620623881595,-0.0747686238090115,-0.272646751314428,-0.509473234265348,1.61796864076838,0.312956961806116,0.998916496368379,0.229379181563682,-0.305987791717674,-0.0277775518024664,-0.0163540674837954,-0.445419343380472,0.695507294015053,0.258705667296473,-1.82930222555607,0.129187484906867
-0.367171694860157,-0.211196246212554,1.04260252747961,1.08822978331348,-0.21229445895768,-0.837389155677588,1.36598903683442,-2.3149905081727,-0.168311714445432,0.876595919906359,-1.01168817309641,0.965837076427159,-0.779301533287445,0.40577357334527,0.997970663077585,0.0288162868231341,-0.129218818868853,-0.59623580345063,-0.0515928188685967,-0.803398507675216,-1.66317939103494,0.462527690679128,-1.2101325621327,-0.90846494396355,-0.231753116107327,-1.01748577881124,0.119942980850051,-1.55509918424935,0.0296256089122814,-0.0274981118957583,-0.611646294657663,1.02140335772126,0.382470578728204,-0.0712714420073002,-0.831463919755324,2.58518462721436,0.75999059714365,1.4983239920204,-1.18839922263121,1.62548857825202,2.55683768505715,1.18971529796653,1.22033506813713,-0.692060002534784,-2.44647939384085,1.03801917061587,0.664075783390176,-0.0287233905710761,-1.65954828327295,0.751343750683402,0.0445669659939324,1.67290161888847,-0.426516791978078,-1.00995329587392,-1.57883973688892,-0.26358341422038,-0.0197809866025078,0.566869997227487,-1.09288565456329,1.40655375666453,0.233296081590086,-1.15129797272691,0.208801957616839,-0.565738213905419,1.36190017365247,-0.374034767403723,0.513230094612456,-0.938745142024537,-0.0172203504425491,-0.178224473227961,1.15411724084602,-1.74226031607024,0.996147950713017,-0.793538654725793,0.0331843002057076,1.53329354609964,-0.653120090309723,0.859202341371942,0.220932231909802,-0.460609943162636,1.45099493632945,-1.12578936068931,-2.63560330659456,2.53814666436364,-1.0241941170177,-0.0665393647727311,-0.356520922306741,-1.15760516263878,-1.65569530322096,0.695817263205777,1.75920196081233,0.776986817504586,0.737820690694594,1.22174490246725,-0.110056126923086,-0.158324572316027,-1.00771175642544,1.98925060821084,-0.541560201466813,-2.3112269218448
0.102136280499611,-0.324029627748531,-0.0947638800815771,-0.0482539790137855,-0.585682073560602,-0.625656796904745,0.899448989267103,2.21434252535735,0.815547027636146,-0.257844657567137,-0.146299423525915,-0.261002498594535,-0.278865165620993,0.348266111941384,1.97683391541233,0.172293200861633,1.50599705743131,0.204966552904999,-0.494403352116668,-1.62950369421169,-1.02510457382597,-1.25834434382738,1.06721077676894,-1.10553184161805,-0.533222102701069,-0.218550165701962,1.12136556780374,0.173460985857224,-0.917384230441816,1.71319268355376,1.10213410843346,-0.404241653272293,-2.28387063384603,1.00556030818678,0.458701624806377,-0.0733823410791404,-1.51290978088435,0.135302074492681,-0.237088106180342,-0.88629961189171,0.46783852084631,0.0794576960663515,1.49161771658631,1.05734214590213,-2.41012123307147,-0.197127959691398,-1.22339086449696,0.795122834440668,-0.0853084513452076,1.26471304863109,-0.404209321716231,-0.456414030707981,-0.198125028618043,-0.318392975839728,-0.302610230856324,-0.560465483729792,-0.927572742810966,-0.107796630881078,0.234831271454882,-2.6567318095915,-1.03066239965242,0.143667417134207,-0.546331476701457,1.57492109056369,0.2101174587848,0.681665450752419,-0.806230308100679,0.0334544642972953,0.915064641289222,0.81939446639015,1.60439710328121,0.289770979732333,0.31481727062373,-0.302780632000767,-0.521476536413846,0.431315769726462,0.818333095624727,0.629006448505949,-0.341613550911341,2.25398610793941,1.5327918923257,0.984948144905538,-0.555315135817157,-1.31128708290688,-1.09392270596169,-0.289780802192686,0.0497333561511183,-0.457012114831575,0.0726507569142101,0.564131006416347,-0.334267048686483,-0.85832097215474,-0.393002486091873,0.851054349480397,1.42678406799605,0.0595505552648297,0.456073466071517,-0.371822075282938,0.17252757110578,1.41025023856609
-0.000778626400250136,0.75325047262373,0.0333239697564241,0.148571259234809,-1.70563710412832,-1.29811414778606,1.60343123434845,0.09757523569254,0.811363488481104,0.145231522323321,1.77298313699446,-0.352620162088284,-1.27289272940572,-0.27848695467171,0.717707438189685,0.370032797697545,-1.80944517360134,-0.0360697216736226,1.36039101905477,1.43373812395329,-0.857707322506864,-1.2890988667715,-1.29876789296904,0.0479464199918449,-1.30554866399824,-0.694937282739313,-0.289600476242629,-0.890616199161125,1.21617565894352,-1.03938187207603,1.24552101012669,-0.962441556724316,-1.67829130438139,-2.04662208240889,0.252394993714221,1.76894279688341,0.736990221644654,0.0360245312365551,1.14481182362788,-1.25771037626844,0.658997967358313,0.556081853168304,0.399534015708105,-0.319989542479618,0.75137642456921,0.287835706245415,-0.398348667887493,-0.103912010793781,-1.46672881456273,2.61774057445463,1.54879577444748,0.181070793773228,-0.482224138613788,1.08322182338786,0.498495217433069,0.8932570701905,-0.00540650541649278,-0.182558943424273,-0.647833652299509,-0.148315862439912,0.628706804862581,1.60007170644816,1.15263816189484,-0.404150539528931,0.282688524483822,0.80834716568209,0.194257698500201,-0.369229999418863,-1.40457198239199,2.42529380916735,0.617017319451087,-1.16959832910829,-0.522250716793699,-0.184136115868261,-0.0142247250504552,0.416939243385384,-1.25433855294691,0.54824300068461,-0.591045407862522,0.223958144845926,1.35088323104509,-0.704699265738202,-0.957892114157512,0.367247175326148,-0.3324321610237,0.925966210453668,-0.265695591930131,1.54878003775237,0.711070104175288,-0.630399204011632,-1.02713475097114,1.44226418805963,-0.521594436657168,-1.01521091868848,-0.317988137699258,-1.36289095382151,-0.270233979980352,-1.26403781426125,-1.10856591063567,-0.461751628730497
0.0825029377449438,0.238850370808412,0.590742685452868,-0.812220509514809,-1.02042969859174,1.48624103240245,-1.20674197495772,-1.16087199634694,0.343912159870498,0.323996771790619,0.224870065041237,1.55710375072891,0.822159462925935,-1.32862114070622,-0.0924103502471668,-1.27037030991669,-0.9762355168911,0.319549775292048,1.42937569620794,-0.0109108950594898,-0.229021433356175,2.5080304848849,0.0503193902191243,1.11547425113607,0.00263718903032498,-0.860826797162805,-0.668383290361287,-0.50691082004911,0.28583824257476,0.437126739579808,0.51985504798494,2.14585464353623,-1.99044707483621,-0.339468936346521,0.429648189468822,-1.73225703698408,0.417717971880625,0.481105976067887,0.150319915490216,-0.991414711290094,0.604046524434388,-1.11460232973668,-1.61944151678611,-1.82659551173424,-0.0865702986150294,0.513455790226261,0.0559428953382852,-0.321945274780714,-1.0689110245886,-1.65189865226115,0.340500354575304,1.14512055017106,-0.0629152998851399,0.205577168067869,-0.78989133551948,-0.637269915621576,1.19238464556306,0.750180232953497,1.32672358456642,-0.944112558591173,0.217067100394687,0.572020670669361,-1.08614857001048,1.56584343526458,0.283855672913814,-1.81409536249476,0.384660420819967,-0.40706688068524,0.645343096365936,0.0716441416818946,0.289171069073289,-1.36991555927557,0.667644020402117,0.355297157136304,-0.454930693712042,-0.604874402322143,-2.29238525500931,0.943057134224828,0.569576981207167,-0.394322820860814,1.59177780517842,1.98405507680541,0.88710946316352,-1.25579486366666,-0.580870730558605,-1.42078023781684,-1.59597193018099,2.31916432246676,0.329923758708052,1.13368313500692,-0.731735647249168,-0.375611697372367,1.20710191272521,0.549596406316331,0.361107194672094,-0.664317893092482,0.741404326903389,1.26808034176825,-0.699278165107751,2.24782393824222
-1.1109718023355,-0.4273718987966,-0.26729002509221,0.691949360490171,-0.150606158478911,0.110642085874295,0.520537745803264,-1.5816081119236,-0.454765036675947,0.939013807981732,-0.289880448411055,-0.241817087994661,1.50476318152436,0.901423503121914,-0.594936634442235,0.732434035790162,0.45136745393939,1.76502155078127,1.06815077791357,1.60246486447953,0.722687160787322,-0.64931301642464,0.00245611687769823,-0.187185959367682,-1.24686177881967,-2.8723531601465,-0.209759363602484,1.52656096997645,0.407978570374143,0.657957559613064,3.03781562993899,-0.592681617011479,0.582074448349199,0.391318278832904,-2.22278618537113,3.1517712255762,0.28113145478747,0.376123294441635,-1.23097825363378,0.970480019920024,-0.346091564484349,0.0533785096611414,-0.245445004254606,-0.785330549692034,0.770909856316787,-0.438140848121414,-0.870581315757551,0.24871715294676,0.486331306752695,-1.14543416358804,1.36726557368657,-0.397027200473592,1.25434424389666,-0.109997757807131,1.20976195671827,0.642263129347505,0.196324249565482,-0.954468914271774,0.769833661341243,1.26788247383582,0.776296713557077,-1.80369668686356,-0.47779651144617,0.789922929670473,1.42243009670785,-0.207333912671672,0.670583216676722,-1.69904089464572,1.91641796913058,0.681843993711843,-1.91015598135716,1.30061155779997,-0.590426081806034,-1.07393163826573,0.523095666142799,-0.104700531871195,0.565902470987868,-0.33116848911381,0.392747204232103,1.03690824667032,0.366096361439121,0.925231472806084,-2.07336951186956,1.08960694762137,1.53731455843412,-0.532205678153092,0.438412580719403,3.06794430257745,-0.340909939483895,0.456805676779518,-1.05656456896598,1.8191287947803,-0.116172487038348,1.74416244559223,-1.03134114652069,0.355985160245647,-1.34981195301928,1.77619050114088,-0.414812645996128,-0.138134045009789
1.34027363673246,1.3762534216416,0.657271802122835,-0.46204172529179,1.34671184000594,-0.42541749388821,0.0390219921350109,-1.73279231963342,1.30309991520534,-1.39085074564027,0.335025893569937,0.777480382830079,-0.0976348851237546,-0.717362891495392,0.941210849500041,0.544681564328889,-1.60961122524967,0.839010104540357,1.35746226415671,0.564184715268241,-0.295727257480369,0.270091990545296,-1.63498013970863,0.269658340840777,0.33545365127665,-1.52452718287882,-0.738455932909877,1.21176244767255,0.820506341203277,0.783352168362015,-0.40235515095865,0.140186610680424,-2.21087279356751,1.73926447281824,0.963346584387712,1.15389865117418,-0.934642656637438,-1.66765736576092,0.45828602682013,2.09540117350752,-0.124513008682391,-0.822321597428752,0.262606269683,-1.34326516603678,-1.18201047169118,-0.363080080548335,-0.377010522455438,0.718696925728626,-0.564313865115302,0.22176707267913,-0.0164092118783121,-1.35869940281683,0.0199957299245245,0.333341362262471,-0.171687486487184,0.266351987470177,1.08063459417642,1.58693069001542,-1.51570464761207,1.18688888514483,0.321253529443752,-0.0167595442006505,-1.3804202600234,0.333555646480911,1.82630977584496,-0.173378614936099,-0.510711985734213,-1.65624104116711,0.160461982029122,0.854677799101971,-0.731387377177764,0.509354538921304,0.6817160310564,0.331712201972983,1.21082211571287,0.171803638877291,-0.785017141845075,0.432853041295508,0.112361607597029,-0.338038317302848,-1.20378804085271,1.63793036480261,0.0879287182885027,-1.36413392765235,2.07844459272246,-0.0829441896633633,0.134038716328984,-1.3359819033865,-1.3744733337584,0.734433940803844,-0.898025117412896,-1.94584827076357,-0.785619582639105,-0.934781460121094,-0.178449292601028,0.624939594137073,-0.31248033589825,-0.725414608117953,2.19691581654728,-1.44176461973171
-0.561922158282941,-0.582038535981774,-0.162507689015127,0.19160630525236,0.565182458091929,2.49742666171665,-0.0498468993593834,0.46332003856623,-0.218473285112712,1.5902962663448,1.17450846216697,1.56146052482928,-1.52678362092447,-0.203363501707079,0.834434179382542,1.09573303114528,0.709688556126286,-0.362114554283544,1.13026170263504,0.825705857128563,-1.38760754077779,0.733822817348249,0.369753118905946,0.68127322863454,-0.14747438481558,-0.325786757770125,-0.156524532183392,-1.0312012250961,0.476844496678223,0.376524554746909,0.011111584539242,0.567988438695575,-0.839798122982862,-0.187163149438172,0.681279497689351,-0.752064673798965,-0.410584660296508,0.953138408288314,0.77392500603572,0.430789655555531,0.220803148204254,-1.6305098176096,-1.64376377396394,-0.0774121631458921,0.445396358020832,-0.966258502753494,1.32786018584825,-1.72969918517886,-1.67412359123413,-0.348137231906521,-0.864726001779149,0.323145033758105,1.77871504126323,0.959928590602349,0.216557786048605,1.22153066121805,0.277856298586401,-0.101675987067724,-1.45067336322827,1.59657430148223,0.813108864414256,1.24903610117195,0.0449888596628979,-2.47670964300321,1.93829800286469,-0.857055336914119,0.479295377506465,-0.106778229276177,-0.1472945014013,-0.80153565704542,1.10340255283824,1.47374168345102,-0.0961861852631382,-1.02744275965559,0.887257753272975,-0.3375670269828,0.858553102432595,-0.299183923846421,2.25957426586551,-1.19419923623734,-0.117337327746478,2.18132422766755,-0.136272221453166,0.663858452854965,0.314056742758717,1.19358528613173,-0.296435332943124,0.42285312293751,0.760378803022815,-0.190995268781803,0.442829516527487,0.729105717661486,-1.3239802381544,0.297177951709619,0.218763122280785,-0.945155478950016,-1.61757741747681,1.11763178090168,0.0480034408483156,1.1653484296081
-0.720282475045728,0.758887041006588,1.35586426700579,-1.47352264974061,-0.812882023383466,-0.65600573507301,1.40479568468179,-2.40779031010801,0.0054779587911647,0.483692663383987,-0.357043464260066,0.443967831570014,2.04758490144345,1.34828513448894,0.882029577750597,1.00192173742792,-0.964810916069459,-0.810384829006586,-1.47281978737031,0.161508005721106,2.31110113181361,-0.349104357724943,-0.0190501972785349,-0.137008529121697,1.42823330167627,-0.660943048601615,0.384762728367489,1.15375835766681,0.551374864457284,-0.492171907867914,0.528495565106896,0.0539992701564847,-1.29681933814312,-0.673125544248571,-0.00389982662016745,0.39454229855457,-0.116049161251346,-1.11971464027733,-1.36091383878694,-0.701700236792031,-0.751086999218389,0.28970643257598,0.366948465246181,-0.578184729247812,-0.0606015725134524,-0.302273895921647,-0.146529606514862,-0.315567690677061,0.104799318519697,-0.572758579374103,-0.167235245382487,0.560493466222204,0.938901334757409,0.477835270967802,-0.858352511488807,-0.177222638410534,-0.42484978601211,1.1656324939625,1.16238689226035,-0.160129192510494,-0.717842396469718,-0.345957750330697,0.836170297536179,0.0629887068925799,0.656121184708141,-0.196329115216003,-1.84337026544731,0.738127695390475,-0.991645992702896,-0.614604331794423,-0.0317041937257705,0.513130343524032,2.85622279211829,0.830429915786165,-2.0850182711277,-2.24608069686801,0.644207464081419,-0.134962994875381,0.528603276361415,-0.743503454717826,-2.49125683474411,2.53100726124511,1.3781498461685,-1.60558705549831,-0.933979063696811,-1.41772042245553,-0.258366973592965,-1.99552857777122,0.487411416898987,-1.53804736495108,-0.417148541227471,0.221860710138476,0.495779390443118,1.33607818583683,-0.191299086005137,0.309531053768967,-0.0676397022294788,-0.414038175367273,-0.132246327717714,-1.26629507693151
0.381371118510597,-0.0161782974886411,-0.545108005496616,-0.675622527775765,-0.594774159591413,-0.253352670301984,0.406601362600914,-1.50327048608172,0.289343217765571,0.748267833941696,-0.947497228532736,0.768807106250685,1.2679494296941,-0.493168864863239,0.0876560079657547,-0.328765297546008,0.820006578229759,1.26850235179922,-1.01091574309938,-0.933298644533042,0.551842663798518,0.919356117509384,-0.94174461492899,1.04479859179627,0.108118362111831,-0.917132951128758,0.315607496798122,0.212572322989008,-0.858658125722293,1.14418294764124,1.47300717276573,-0.532232416503238,0.898539961845944,0.179286742334651,0.469460556200249,1.23244244719003,-0.888839077463713,0.399372485232926,1.10326689731675,-2.0758982739046,0.320674946234509,0.918489903366017,-0.0127269212939681,-0.838863020928517,0.656059147624249,-1.581387303555,0.886249229373139,-1.32256657048676,-0.463785436299896,1.38723760291307,-0.206688686129421,-1.74180843730816,1.46137529734671,-0.8060314456267,2.02696682283204,1.34290948665139,0.0952648051367301,-0.307362366055046,-0.0364517293111565,-0.19333560584588,-0.550819535167535,-1.22886319722835,-0.656252085906595,-0.611208478468841,-2.570052786807,-0.493664063680471,0.747270056571148,-0.230491918944905,0.968260490214005,0.629462316012024,0.211430611495525,-0.544418928314581,1.06323384145199,0.581829298022749,1.18029796625433,1.508058293028,0.424347303515072,-1.55029607942625,0.244143756677752,0.694647041447369,0.870227794025012,0.928358115493808,0.851020259400046,0.824318757909388,0.0172638889326615,-0.0919962069019509,0.726617342113948,0.366961872400453,1.9582938757395,0.214697429910778,-1.85483829324025,-0.777589679471748,0.33328925712265,-0.418209285220406,-0.906464696527898,0.160115681546605,1.57769224239743,0.480525141711038,-0.327697805981991,1.67040653320942
-0.00211030512639419,-1.87560083536683,-0.807181504598069,-0.358589857541098,0.55778710628778,-0.457121330489281,-0.439740302033888,0.289520426245,-0.830227165359352,-0.264388549204533,0.0434456421025288,1.1528313985879,0.557311995513405,-2.23280170982723,-0.812040298661784,-0.268716208740997,0.667077532543327,-1.32062221486686,0.00557413142157336,-0.150957444849102,0.332372225887578,-1.60552981718001,0.000248822038566587,-1.92968754502368,-0.831405383329137,-0.518731630119923,1.36862852796483,0.604544624336593,-0.483126452651884,-0.337628762734928,0.950473017051777,0.0136478804512103,-0.619485868253942,1.40014886987176,1.33063028345815,-1.64130332644318,1.26553994057108,3.21601595743829,0.248554989739215,-1.28296560170828,-0.193059519795245,0.973955461301105,-0.166131495921755,0.741794095757211,-2.358200059156,-1.40737546155705,-2.14648023639899,-0.194151966808825,-0.255003120727047,2.58651819867413,-0.0735947162496867,2.29657851384604,0.296336761228467,-0.0116315756153271,-1.20666050192624,0.630058530404361,1.88962896130278,-0.00700162954417943,0.503125701722943,1.79026500834606,-1.66181816810544,-1.32543050510905,-0.637460656877454,-0.158795548083483,-1.5115964381179,-0.688671859499972,0.586750493802091,-1.93386307193574,1.17622539159433,-0.32611668569866,0.568425103836413,-0.948893809561653,-0.158529796139275,0.289482354190125,0.202467342620772,1.40180236140338,0.624303504791654,1.26785118391088,-0.222524083274286,0.271704887740345,0.507947949923477,-1.10508772081178,-2.21131662506839,0.910160937843388,1.11810499109222,0.847796075046935,0.516256461659284,-0.450387844060622,1.14846418408625,-1.19137622434614,0.907851243447484,0.609615032771204,1.11349981954492,-0.0767272680303157,0.0687418540565641,0.0273792466485054,-1.04096818562379,1.95509387646308,-1.79201417698099,-0.876245320841227
-0.244894991852344,-1.42712781817616,-1.16434004069868,-0.7510924291445,-0.439328167960531,1.33831305356236,0.564359076502926,0.372250742051639,-1.20089018147274,-0.998073296046151,-0.321547287684205,0.133600087168476,-0.984784934709153,-0.123662528534258,0.354412641498086,0.201125163772538,-1.27418683067333,1.11992209107022,0.0395822560295205,-0.132755203296207,0.349015696389843,2.72946151007584,0.692671082717668,-0.243082705093066,0.126652311077825,-0.620855830806878,-1.74796857658762,-0.429926946644285,-0.317590122316232,1.27128851840504,-1.2495520310321,0.50937547004799,1.46302440414115,0.544807303983066,0.00711523489042642,-0.926746114011642,-0.344740961620082,1.24683342961426,0.611435742508852,0.975710927375763,-1.04198116179657,0.982636154030556,-0.152050012090977,0.33080114002844,-0.363357493766232,-0.698997847908005,-0.444771846027613,-0.528202458092447,-1.10499032219184,-0.935065900539918,0.367499108523043,0.938215811118803,-1.19925676860206,0.302086512578228,-0.422433935368593,-0.162409019071903,0.514595117917197,0.0212294176583247,0.861106843077574,-0.130372087276596,-1.18507240619938,-1.21640273670705,-1.44020839752424,-0.133594622361175,-0.56329779047511,2.08188899183388,0.271595030561392,0.811774999651624,-1.04812685057062,-0.197574889065582,-0.194541063401288,1.12844459449358,-1.01670936497135,-0.419170233956951,-0.421441315990567,0.848136074497581,-0.619369596631235,1.09763953066941,0.692466938756751,-0.150442607566252,1.98421666581609,0.997604527700551,-0.792227795415574,0.0972840328711129,-1.60963686074204,-0.215354914980717,-1.26870336060683,0.408048211331176,1.40717228758472,1.33681574892361,-0.411341817930106,-2.49260948923573,-0.596766008776124,0.0398720438295552,-0.931507376821154,-0.10385237349464,0.319294376862606,0.707709317730239,0.246311977931608,1.23919454927018
-1.37622747702774,-0.08640898232486,-1.20801608412663,-1.83651487193359,-1.83687038304338,-1.70006655430141,-0.195954909804312,-1.43148274758384,-0.314849623035241,0.544548769071994,-0.781207004238568,0.799849661158411,0.575234287550119,0.484709094261857,0.077478594633048,0.0730144177631204,-1.56492122303658,-0.217075393523593,1.26005983433717,-0.0592355922247774,-0.888038086027604,-0.295153504311834,0.762513574001368,-1.17935366714976,0.646949424033338,0.342768033693659,0.00230633004601268,-0.347879791493733,-1.31765219267538,-0.457957600493333,1.36738879482038,0.0170595637011307,0.862714728613157,-0.289646809506369,-0.794973884417648,0.277280848302148,-1.54107282135268,0.837095907603011,1.1900740689308,1.17851409706772,0.434743475152777,1.17617552618992,-0.428341802634792,-1.19050512920757,1.64275681488558,-0.922972948845593,-0.381162173902131,-1.19701964053328,0.785224803341747,0.0360872582054856,0.428136423735805,0.518491480232719,-0.934127479906957,-2.04933958962888,-1.24416855136878,0.468698320908648,-0.525147607922088,-0.0657362935079988,-0.426736439708572,0.859468585608103,-1.04008251529327,0.360910557995486,-0.169784876112721,-0.894601112087834,-1.09023391907615,-0.445353976175254,2.51066339213801,-0.570906806896487,-0.866587179467104,-0.51840449469823,-0.600179000365027,1.66743796119142,-0.355667415221991,1.8174100008524,0.891915186136093,0.987132079018488,-1.48114091514911,-0.786640905172243,-0.7342684474695,1.19028487527183,0.210341837995026,0.120818125208082,2.54149416368138,-0.375867666570446,2.20641931970707,-0.605580202260178,1.07516920573987,0.618751517555921,0.585132473313444,-0.241061239410169,-2.26091191683405,-0.90855955092507,-0.35690987688764,0.483354793086988,2.26182289080128,1.3498387380385,0.216409143132284,1.30476357926404,-1.83675944497348,-1.59407841678269
0.892869623615385,-1.299347990772,-0.678120777105468,-0.139288639168614,0.0813909130007186,0.907749508598135,-0.073138263234968,-0.126974623918432,0.637734087636273,-0.63181450565805,-0.0425725673701483,1.30311483190849,0.000781523277057922,-0.859514434859152,-1.08358168181226,1.87046746676354,0.225187412287193,-0.368098418969806,-0.0477708241148197,2.52106760664282,-0.0587182560017425,0.749218809021036,-0.344961223508679,-0.0743028148069284,0.103993566457958,-0.290590150452816,0.703999059902772,2.37208988078303,-0.304473806299791,-0.627333287145533,1.57662370439471,-0.950955465808999,1.82877125000126,-0.22867757430335,0.227251890890897,0.0751227958314609,0.409481610399421,0.398927439067158,-1.58177945465521,-1.13339407156379,-0.77730748063367,1.21130594119611,-1.5803896148451,-0.908600991950597,0.67992185463548,-1.4379485503525,1.37373925840201,1.40406493280663,-2.30520885238778,-1.07886481917599,0.750692482624711,0.660079358290396,-1.3858609527716,-0.439876490876369,-0.454058122938495,-0.244807937652921,2.30777672667233,0.86751483848646,-0.3924587180067,0.51574896832769,-0.454851921711477,1.47287824128833,-0.200636960184732,0.70919964967329,0.829501229546448,-1.50465460733251,0.236767759424271,-0.885186013961363,0.207236059680949,-1.2834035484461,0.675550481002957,-0.640605486861615,-0.93647044728971,-0.445319704785203,-0.515575733986293,-0.395674372310747,2.21120152734721,0.69837133139781,0.795918917204065,-0.919725432674234,0.809983864219403,-0.859092305859643,0.777111218807718,-0.00688160970888163,0.573467926267146,0.675313139740358,0.0239494054157033,1.12898078348883,-1.91919501338124,-0.48619414996008,-1.67507170833844,0.250983957105616,0.176296913192171,-0.503275205042364,-0.40642472869738,0.165116525920628,-2.19481999037096,-0.789262660244473,-0.721644894193137,-1.3185956502763
-1.0579554316669,0.706042602865863,2.12456907443327,-0.565869379221651,-0.106522567138465,1.06103760722606,0.228599007426482,0.142772030199951,0.0649791407503678,0.600787513230317,0.895726586317117,0.921171481037038,0.0803115341770199,-1.15157956204412,-0.955930227073301,0.103310457067164,-0.436176382992854,-0.763436356441058,-1.46509763560042,-0.47370059823944,-0.227454862178626,0.113957085762003,-1.94148687851316,-0.66919709478459,1.41848673822175,-0.0866687333851106,0.114045649101339,-1.38767668825237,-1.01034415728141,1.29792099106503,0.139430924809723,-1.35912272706493,1.33450916097444,-0.323340456341761,0.23132312105483,-0.799801238508557,0.0879233955959174,0.141284793830452,-0.560944747505558,0.551702002800997,0.797988297512328,0.82930325607144,-0.952349993256209,-1.04550417953822,-0.3046479723193,0.395815341048243,0.292459630232402,-0.198502328684072,-0.817248286375122,-0.0631458218093672,-0.323519919650287,0.844913795044628,-0.788701738926516,0.205040773697931,0.351399604330209,-0.553646621356351,1.51609745931305,1.40718635433475,-0.207206016554626,0.132963285102743,0.0404428743736354,1.21580277210395,-1.0100946118083,1.44270797847447,1.13014209159228,0.750099184547408,0.144563799815244,1.21073535218369,0.0359356423743967,-0.18186077426351,-0.536123308084767,0.0576427251882865,0.76028568199366,-1.40324481271301,0.480103617353763,-0.177798879349646,2.59809077889363,-0.832684816876488,0.940349261010331,0.146820768759915,0.991347314198497,1.48479016658382,-1.44078694328683,-1.11746374642206,-1.64161081894671,-0.91345320524435,2.59460672737004,0.198256445677414,-0.0370042455829825,0.805792165228209,0.595595318062195,1.49324264823692,-0.760837382106747,-1.21766522047731,0.582483856247638,0.14726213191968,0.983036156074572,0.411638521855622,-1.04275993948786,-1.13648652031419
-1.02516218652923,0.568934162226623,1.63607228759834,1.06603334206073,1.05012439983865,0.47467459167249,0.172458601561648,0.935933289023023,-0.909094682807061,0.716331201351794,-0.0883820148353638,-1.18841182694581,0.313421061124552,-0.375834097219071,-2.13916558779054,1.00004289004693,-1.35773524644678,-0.119702192329761,1.18368121094808,-0.198461560165339,-0.505156661900433,-0.22833027290194,0.419424299625058,-0.0860749431054132,-0.168521513037599,-0.617911904481981,-1.42866635711481,-2.01224733776857,1.88470403218683,1.16483790524632,-0.547672983978832,0.706894574471299,-0.962975973044475,1.15384913690574,1.11124831920736,-0.54565937754272,0.491667777865636,-1.65490183040082,-0.355709684392058,0.558605133815334,1.42332664085134,0.223603677902618,0.678908489596312,-2.21983345273613,-0.716198364201091,2.67154862359209,1.82387229928868,1.21988471467961,1.29970988654066,0.605155764542406,-0.462864579850356,-0.574576014801334,-0.813932644063514,1.43751621276311,-0.0297612523438405,0.45341283616372,0.742296121571771,1.05681401078839,-0.126539919100478,0.715835629371465,1.99195618312906,0.36919138976683,1.68563256694756,-1.26424750253554,-2.28055414360485,-1.04148213933443,1.17108074133872,0.408491452126821,-0.973746800359559,-0.0741108549723768,-1.04470872258715,-1.49766948317117,1.04924834837994,1.89987626943444,1.86518916854641,-0.312385878442715,1.14167936348119,0.271982565626946,-0.728107806027215,1.18217800270731,-0.0292207176538541,-0.867598235051729,-0.198119685105372,0.710575321857815,1.0539539167873,2.22001495153048,0.186080615372164,-1.05667043048558,-1.73069085861233,0.487674393282112,1.59980455765468,0.231420892640252,0.522881051057926,-0.0638446909537643,-1.20701474017012,-0.934357883733302,0.455571318156582,-0.466383333525353,-1.67490774365781,-1.72400792775141
-0.978593061044274,-2.49771410936141,1.08405998426982,2.57644299500984,-0.93455543067516,0.193347027906942,0.307721117000303,-0.265835298881469,-1.31875751476085,-1.08693013033721,-0.241106890898569,1.40048845467923,-0.941471828803838,-0.959991105982948,-0.0212770061388768,-1.87245309746946,-0.537450883782604,-0.409661439095363,-0.433873978048935,-0.247820374693269,-0.852198900068337,-1.08409329202794,-0.059907365535213,0.513158821635207,-0.583958830327368,-0.758368616339823,-0.712186778099457,0.365663368581405,0.432236294851247,-1.55484374987007,2.27575505186965,0.0704941421175277,0.496208698343338,1.8692334296491,-1.53748369684762,1.82172439065068,1.62129747857787,2.04429049738303,-1.24771435770617,-0.185012953665411,-0.697071812744527,-1.11174992382486,0.396225467882635,-1.26804440925181,0.927913959842377,0.288057642598497,1.5664767080628,0.0987582308005543,1.58233532415885,0.253450862671568,-1.1917167817413,-0.150969493716131,-0.0400028805502851,-0.134105066908828,-0.392601892821304,-0.705781256919343,0.48678499353431,0.925755618837591,-1.13037727697172,0.894682543735185,0.386736306726061,1.3469994493278,0.237390097547226,0.881682463306466,0.0820120178356514,-0.511908235313512,0.299611763890809,0.988341903232685,0.961476889855344,-1.82691099987334,0.660979947219051,0.0181325955582325,0.436138516634759,1.61991913798708,-1.7741963058901,-0.251945575882386,-0.880268521058336,-1.13724857476479,0.969010728867131,0.855816465712259,-1.79162096914562,0.898373369103573,-0.266859697009125,0.886755735862907,-0.267931706279799,-0.480675087983217,0.460391492771498,-1.16519533608243,-1.28697697502098,0.397845899501999,1.17183972080032,-0.935971024542697,0.0311093493655349,2.1516854900158,-0.183092832504267,-0.249085209930081,-0.197166175771722,0.15036143522052,-1.46034612672477,1.18421667014475
-1.36982910430734,0.222847812323339,1.15786617985831,-0.714461563062717,0.135705913786321,-1.1139507410663,0.410398976183799,-1.88173670265534,0.355176231737241,0.669346923126076,0.483009307056834,-0.675826388826057,0.207835660675155,0.249712186496673,0.612139759785111,-0.802818011317741,1.20846821515156,-0.813625342184134,-1.75821886401712,-0.17740030254834,0.701271063868214,1.2163649886017,0.0420110410854673,-0.455315132355972,-1.71125147358511,0.868508982419325,-0.449670207487553,-1.2853668275919,-0.411666521344263,0.480530766630252,1.18625605244977,0.142501377142583,-2.34427176150641,-1.59313777221571,-1.14185309517689,-0.472058536530275,2.00724896996688,-0.903500593853897,1.77988782600665,0.038095938170409,0.445404695375111,1.48817835372217,-0.581449252680776,0.217475543740173,1.05658270097797,0.372848151649324,0.707957564339037,-0.989807861774832,1.95008776311316,-0.072415584753384,-0.992814109257284,-0.850195895064051,-0.242943593650925,-0.520207298967249,-1.02128047703485,-0.395028495327013,1.6882561299976,0.107426290856357,-2.17055921674671,0.507376040030923,0.346767885323853,-0.13089957920881,-0.692646414882017,-0.503584886660193,1.46317476792699,0.487404623204538,0.120653035438611,-0.816349758803525,0.18192116021366,-0.33410792206996,1.0559257741325,1.76237645936502,0.171424825867722,-0.768616549394274,1.53018872130926,2.77788865994965,-0.193165618057179,1.45794147264233,0.469514181788281,-0.708495869745221,0.279762373641691,-1.0961487776768,0.369969137632455,-0.212600497893841,-0.0535648577606731,0.593508552602055,0.642911767106478,-0.716039940307594,-0.575356220037404,-0.536846238783339,0.750416962288097,1.37767333788505,-0.812495056682229,1.50567157450221,1.18954176361538,0.941643418949104,-0.846261495688484,-0.323955714399497,1.31495377557305,0.988675719206299
2.92121854365144,0.892547240093676,0.203644975104346,0.617697513876902,-0.567630027323353,1.23621139596965,0.299639313967674,-0.698921837499346,0.402549588498779,-1.40546671026531,0.0153947779469394,0.907456558109698,0.0750963167664554,-0.173260587486994,-0.84192951839736,-0.553795889611074,0.31743238670437,-1.00111890111592,-0.27731816326541,1.20791595559733,0.233305296293777,-0.202354994207208,1.51833745783683,0.208011582347411,1.1571452104573,-0.878186431243727,-0.504950595684936,-0.443294730047839,-2.05547757264973,1.56440449744567,-1.08678161890714,-1.93680305849858,-1.10835556985636,-0.922369520227981,0.729875408661792,0.849184130266948,0.672898563438436,-0.870419532434254,0.67514841482184,-0.899187598734597,-0.821843434518433,0.222887574469118,-0.545165194757045,-0.88222265794511,0.936187817306262,-1.66150794471036,0.431327898506653,-0.820096909757231,2.51875547423353,-0.59979699921409,1.60915070509506,-0.708802815964024,-1.33649880736872,1.84526751070653,-0.216360822079327,0.500021021305894,-0.946276138797709,1.2327549098571,1.11538136583454,0.980237655108627,1.0581481701912,0.327028560208464,-1.01239602667542,-0.795330314237976,-0.537089663633499,0.574558881395311,-2.27770600233216,1.78297567287491,-0.349762828341852,1.36918977044113,-0.445344716974522,0.257919959607392,0.71161900413866,0.977892087051228,1.26466411710452,-0.593931821461017,0.0667651155186202,-0.00960235126108689,-0.422753920541669,-0.238560135733988,1.41344020587137,-0.913916518101499,0.390938584088885,0.0885983576561689,0.593352750107486,1.30857076377387,-0.354105634183476,1.01446745906784,1.01261392742967,1.28938734820669,0.221169035416542,2.42325537500536,-0.972015056978214,-1.79750518013934,0.0319013990644927,-1.33030898321451,0.403137243608683,0.48874584122273,-0.00286165049466691,-1.0342166808483
